Wavelength,Intensity
2.571998760421520274e+02,3.052000122070312500e+02
2.576807076013981259e+02,2.837999877929687500e+02
2.581616502272069056e+02,2.579998779296875000e+02
2.586427039195784232e+02,2.433998565673828125e+02
2.591238686785127356e+02,2.475998992919921875e+02
2.596051445040097292e+02,2.505999145507812500e+02
2.600865313960694039e+02,2.553999328613281250e+02
2.605680293546918733e+02,2.593999328613281250e+02
2.610496383798770808e+02,2.333999633789062500e+02
2.615313584716249693e+02,2.511999206542968750e+02
2.620131896299355958e+02,2.637999877929687500e+02
2.624951318548089603e+02,2.530000610351562500e+02
2.629771851462450627e+02,2.455999908447265625e+02
2.634593495042439031e+02,2.603999938964843750e+02
2.639416249288054246e+02,2.672001037597656250e+02
2.644240114199296841e+02,2.421999206542968750e+02
2.649065089776167383e+02,2.011999206542968750e+02
2.653891176018664737e+02,1.751999816894531250e+02
2.658718372926788902e+02,1.656000518798828125e+02
2.663546680500541015e+02,1.560000457763671875e+02
2.668376098739920508e+02,1.680000305175781250e+02
2.673206627644926812e+02,1.727999725341796875e+02
2.678038267215560495e+02,1.891999053955078125e+02
2.682871017451821558e+02,2.017999267578125000e+02
2.687704878353710001e+02,2.049998931884765625e+02
2.692539849921225823e+02,1.973998870849609375e+02
2.697375932154368456e+02,1.839999389648437500e+02
2.702213125053139038e+02,1.809999389648437500e+02
2.707051428617536430e+02,1.859999847412109375e+02
2.711890842847561203e+02,2.020000000000000000e+02
2.716731367743213355e+02,2.060000000000000000e+02
2.721573003304492886e+02,2.015999908447265625e+02
2.726415749531399229e+02,2.253999481201171875e+02
2.731259606423932951e+02,2.037998962402343750e+02
2.736104573982094621e+02,2.009999084472656250e+02
2.740950652205883102e+02,1.921999206542968750e+02
2.745797841095298963e+02,1.953999023437500000e+02
2.750646140650341636e+02,1.883999176025390625e+02
2.755495550871012256e+02,2.013999023437500000e+02
2.760346071757309687e+02,2.007999420166015625e+02
2.765197703309234498e+02,2.201999359130859375e+02
2.770050445526787257e+02,2.203999328613281250e+02
2.774904298409966259e+02,2.171998901367187500e+02
2.779759261958773209e+02,2.015999145507812500e+02
2.784615336173207538e+02,2.021999053955078125e+02
2.789472521053268679e+02,2.189999084472656250e+02
2.794330816598957199e+02,2.229999542236328125e+02
2.799190222810273099e+02,2.189999542236328125e+02
2.804050739687216378e+02,1.951999664306640625e+02
2.808912367229787037e+02,2.041999359130859375e+02
2.813775105437985076e+02,2.023999786376953125e+02
2.818638954311809925e+02,1.985999298095703125e+02
2.823503913851262155e+02,2.051998901367187500e+02
2.828369984056341764e+02,1.897999725341796875e+02
2.833237164927048752e+02,1.805999450683593750e+02
2.838105456463383121e+02,1.771999664306640625e+02
2.842974858665344868e+02,1.767998809814453125e+02
2.847845371532933427e+02,1.849998626708984375e+02
2.852716995066149366e+02,2.187998046875000000e+02
2.857589729264992684e+02,2.029999084472656250e+02
2.862463574129463382e+02,1.989999694824218750e+02
2.867338529659561459e+02,1.785999755859375000e+02
2.872214595855286916e+02,1.823999481201171875e+02
2.877091772716639184e+02,1.861999053955078125e+02
2.881970060243619400e+02,1.831999969482421875e+02
2.886849458436226428e+02,1.813999328613281250e+02
2.891729967294460835e+02,1.843999176025390625e+02
2.896611586818322053e+02,1.855999145507812500e+02
2.901494317007811219e+02,2.073998870849609375e+02
2.906378157862927196e+02,2.223998565673828125e+02
2.911263109383671122e+02,2.339998474121093750e+02
2.916149171570041858e+02,2.341998748779296875e+02
2.921036344422039974e+02,2.361998596191406250e+02
2.925924627939665470e+02,2.495998382568359375e+02
2.930814022122917777e+02,2.571998291015625000e+02
2.935704526971798032e+02,2.299998626708984375e+02
2.940596142486305098e+02,2.007999114990234375e+02
2.945488868666439544e+02,2.017999114990234375e+02
2.950382705512201369e+02,1.971999206542968750e+02
2.955277653023590574e+02,1.921999206542968750e+02
2.960173711200607158e+02,2.011998901367187500e+02
2.965070880043250554e+02,2.003999328613281250e+02
2.969969159551521329e+02,1.913999328613281250e+02
2.974868549725420053e+02,1.755999603271484375e+02
2.979769050564945019e+02,1.721999511718750000e+02
2.984670662070097933e+02,1.599999694824218750e+02
2.989573384240878227e+02,1.483999938964843750e+02
2.994477217077285331e+02,1.426000061035156250e+02
2.999382160579320384e+02,1.541999511718750000e+02
3.004288214746982248e+02,1.547999572753906250e+02
3.009195379580271492e+02,1.565999603271484375e+02
3.014103655079188115e+02,1.611999816894531250e+02
3.019013041243731550e+02,1.643999633789062500e+02
3.023923538073902932e+02,1.613999938964843750e+02
3.028835145569701126e+02,1.527999877929687500e+02
3.033747863731126699e+02,1.630000000000000000e+02
3.038661692558179652e+02,1.511999969482421875e+02
3.043576632050859985e+02,1.479999694824218750e+02
3.048492682209167697e+02,1.547999572753906250e+02
3.053409843033102220e+02,1.681999511718750000e+02
3.058328114522664691e+02,1.747999725341796875e+02
3.063247496677853974e+02,1.637999877929687500e+02
3.068167989498670636e+02,1.355999908447265625e+02
3.073089592985114678e+02,1.249999923706054688e+02
3.078012307137186099e+02,1.655999908447265625e+02
3.082936131954884331e+02,1.569999694824218750e+02
3.087861067438209943e+02,1.587999725341796875e+02
3.092787113587163503e+02,1.613999481201171875e+02
3.097714270401743875e+02,1.659999389648437500e+02
3.102642537881951057e+02,1.651999359130859375e+02
3.107571916027786187e+02,1.803999328613281250e+02
3.112502404839248697e+02,1.807999877929687500e+02
3.117434004316338019e+02,1.610000762939453125e+02
3.122366714459054720e+02,1.674000549316406250e+02
3.127300535267398800e+02,1.668000335693359375e+02
3.132235466741370260e+02,1.462000579833984375e+02
3.137171508880969100e+02,1.438000640869140625e+02
3.142108661686195319e+02,1.546000518798828125e+02
3.147046925157048349e+02,1.681999664306640625e+02
3.151986299293528759e+02,1.781999511718750000e+02
3.156926784095636549e+02,1.617999725341796875e+02
3.161868379563371718e+02,1.469999694824218750e+02
3.166811085696734267e+02,1.539999694824218750e+02
3.171754902495723627e+02,1.486000061035156250e+02
3.176699829960340935e+02,1.422000122070312500e+02
3.181645868090585054e+02,1.460000152587890625e+02
3.186593016886456553e+02,1.506000061035156250e+02
3.191541276347955431e+02,1.604000091552734375e+02
3.196490646475081689e+02,1.545999450683593750e+02
3.201441127267834759e+02,1.571999969482421875e+02
3.206392718726215776e+02,1.633999786376953125e+02
3.211345420850223604e+02,1.611999511718750000e+02
3.216299233639858812e+02,1.673999633789062500e+02
3.221254157095121400e+02,1.639999389648437500e+02
3.226210191216011367e+02,1.629999542236328125e+02
3.231167336002528145e+02,1.805999603271484375e+02
3.236125591454672872e+02,1.653999633789062500e+02
3.241084957572444409e+02,1.499999847412109375e+02
3.246045434355843327e+02,1.470000152587890625e+02
3.251007021804869623e+02,1.454000396728515625e+02
3.255969719919523300e+02,1.434000396728515625e+02
3.260933528699803787e+02,1.562000579833984375e+02
3.265898448145712223e+02,1.600000457763671875e+02
3.270864478257247470e+02,1.740000457763671875e+02
3.275831619034410096e+02,1.795999603271484375e+02
3.280799870477200102e+02,1.711998901367187500e+02
3.285769232585617488e+02,1.857998809814453125e+02
3.290739705359661684e+02,1.597999420166015625e+02
3.295711288799333829e+02,1.414000396728515625e+02
3.300683982904632785e+02,1.502000579833984375e+02
3.305657787675559121e+02,1.548000183105468750e+02
3.310632703112112836e+02,1.651999664306640625e+02
3.315608729214293930e+02,1.428000335693359375e+02
3.320585865982102405e+02,1.420000305175781250e+02
3.325564113415537690e+02,1.438000030517578125e+02
3.330543471514600924e+02,1.470000000000000000e+02
3.335523940279290969e+02,1.591999206542968750e+02
3.340505519709607825e+02,1.705999145507812500e+02
3.345488209805552628e+02,1.585999450683593750e+02
3.350472010567124812e+02,1.631999664306640625e+02
3.355456921994324375e+02,1.480000152587890625e+02
3.360442944087150750e+02,1.272000427246093750e+02
3.365430076845604503e+02,1.186000518798828125e+02
3.370418320269685637e+02,1.130000610351562500e+02
3.375407674359394150e+02,1.192000579833984375e+02
3.380398139114729474e+02,1.240000534057617188e+02
3.385389714535692747e+02,1.379999847412109375e+02
3.390382400622282830e+02,1.615999450683593750e+02
3.395376197374500293e+02,1.759998779296875000e+02
3.400371104792345136e+02,1.621999053955078125e+02
3.405367122875817358e+02,1.845998992919921875e+02
3.410364251624916960e+02,2.003998870849609375e+02
3.415362491039643373e+02,2.169998931884765625e+02
3.420361841119997734e+02,2.143999481201171875e+02
3.425362301865978907e+02,2.083999328613281250e+02
3.430363873277587459e+02,2.009999542236328125e+02
3.435366555354822822e+02,2.171999206542968750e+02
3.440370348097686133e+02,2.131999664306640625e+02
3.445375251506176824e+02,1.958000030517578125e+02
3.450381265580294325e+02,1.696000366210937500e+02
3.455388390320039207e+02,1.598000335693359375e+02
3.460396625725411468e+02,1.686000061035156250e+02
3.465405971796411109e+02,1.693999481201171875e+02
3.470416428533038129e+02,1.551999816894531250e+02
3.475427995935292529e+02,1.677999877929687500e+02
3.480440674003173740e+02,1.699999542236328125e+02
3.485454462736682331e+02,1.569999389648437500e+02
3.490469362135818301e+02,1.417999877929687500e+02
3.495485372200581651e+02,1.421999969482421875e+02
3.500502492930971812e+02,1.673999328613281250e+02
3.505520724326989921e+02,1.819998931884765625e+02
3.510540066388634841e+02,1.795999145507812500e+02
3.515560519115907709e+02,1.294000396728515625e+02
3.520582082508807389e+02,1.489999847412109375e+02
3.525604756567333880e+02,1.735999450683593750e+02
3.530628541291488318e+02,1.777999725341796875e+02
3.535653436681270136e+02,1.391999969482421875e+02
3.540679442736678766e+02,1.276000518798828125e+02
3.545706559457714775e+02,1.288000488281250000e+02
3.550734786844378732e+02,1.390000000000000000e+02
3.555764124896668932e+02,1.791999969482421875e+02
3.560794573614587080e+02,1.555999908447265625e+02
3.565826132998132607e+02,1.290000305175781250e+02
3.570858803047304946e+02,1.246000366210937500e+02
3.575892583762104664e+02,1.417999420166015625e+02
3.580927475142531762e+02,1.659998626708984375e+02
3.585963477188586239e+02,1.591999053955078125e+02
3.591000589900268096e+02,1.445999908447265625e+02
3.596038813277576764e+02,1.551999969482421875e+02
3.601078147320513381e+02,1.539999694824218750e+02
3.606118592029076808e+02,1.717999267578125000e+02
3.611160147403267615e+02,1.769999389648437500e+02
3.616202813443085802e+02,1.753999481201171875e+02
3.621246590148531368e+02,1.647999725341796875e+02
3.626291477519604314e+02,1.619999847412109375e+02
3.631337475556304071e+02,1.663999786376953125e+02
3.636384584258631207e+02,1.459999389648437500e+02
3.641432803626585724e+02,1.373999481201171875e+02
3.646482133660167619e+02,1.339999847412109375e+02
3.651532574359376895e+02,1.218000030517578125e+02
3.656584125724212981e+02,1.249999847412109375e+02
3.661636787754677016e+02,1.323999633789062500e+02
3.666690560450767862e+02,1.283999633789062500e+02
3.671745443812486087e+02,1.255999679565429688e+02
3.676801437839831692e+02,1.528000030517578125e+02
3.681858542532804677e+02,1.288000183105468750e+02
3.686916757891405041e+02,1.274000091552734375e+02
3.691976083915632216e+02,1.106000289916992188e+02
3.697036520605486771e+02,9.680003356933593750e+01
3.702098067960968706e+02,1.022000503540039062e+02
3.707160725982078020e+02,1.012000427246093750e+02
3.712224494668814714e+02,1.134000473022460938e+02
3.717289374021178787e+02,1.290000305175781250e+02
3.722355364039169672e+02,1.373999786376953125e+02
3.727422464722787936e+02,1.357999725341796875e+02
3.732490676072034148e+02,1.269999923706054688e+02
3.737559998086907171e+02,1.241999740600585938e+02
3.742630430767407006e+02,1.389999084472656250e+02
3.747701974113534789e+02,1.497998962402343750e+02
3.752774628125289382e+02,1.541998901367187500e+02
3.757848392802671924e+02,1.301999816894531250e+02
3.762923268145681277e+02,1.198000183105468750e+02
3.767999254154318010e+02,1.242000045776367188e+02
3.773076350828581553e+02,1.303999938964843750e+02
3.778154558168473045e+02,1.220000152587890625e+02
3.783233876173991916e+02,1.060000152587890625e+02
3.788314304845137599e+02,9.680002593994140625e+01
3.793395844181910661e+02,1.042000198364257812e+02
3.798478494184311103e+02,1.441999816894531250e+02
3.803562254852338924e+02,1.349999389648437500e+02
3.808647126185993557e+02,1.411999511718750000e+02
3.813733108185276137e+02,1.522000122070312500e+02
3.818820200850185529e+02,1.739999847412109375e+02
3.823908404180722300e+02,1.875999755859375000e+02
3.828997718176887020e+02,1.825999603271484375e+02
3.834088142838678550e+02,1.799998931884765625e+02
3.839179678166096892e+02,1.380000000000000000e+02
3.844272324159143182e+02,1.509999084472656250e+02
3.849366080817816282e+02,1.629999084472656250e+02
3.854460948142116763e+02,1.386000061035156250e+02
3.859556926132044623e+02,1.293999938964843750e+02
3.864654014787599863e+02,1.361999969482421875e+02
3.869752214108782482e+02,1.290000000000000000e+02
3.874851524095591913e+02,1.331999816894531250e+02
3.879951944748029291e+02,1.671999206542968750e+02
3.885053476066093481e+02,1.475999603271484375e+02
3.890156118049785050e+02,1.460000000000000000e+02
3.895259870699103431e+02,1.522000122070312500e+02
3.900364734014050327e+02,1.551999664306640625e+02
3.905470707994623467e+02,1.535999603271484375e+02
3.910577792640823986e+02,1.467999725341796875e+02
3.915685987952651885e+02,1.703999633789062500e+02
3.920795293930107164e+02,1.755999450683593750e+02
3.925905710573190390e+02,1.789999084472656250e+02
3.931017237881899860e+02,1.521999053955078125e+02
3.936129875856237277e+02,1.258000183105468750e+02
3.941243624496201505e+02,9.900001525878906250e+01
3.946358483801793113e+02,1.148000106811523438e+02
3.951474453773012101e+02,1.378000183105468750e+02
3.956591534409858468e+02,1.468000335693359375e+02
3.961709725712332215e+02,1.627999877929687500e+02
3.966829027680432773e+02,1.634000396728515625e+02
3.971949440314160711e+02,1.690000457763671875e+02
3.977070963613516597e+02,1.721999969482421875e+02
3.982193597578499293e+02,1.629999694824218750e+02
3.987317342209109370e+02,1.523999633789062500e+02
3.992442197505346257e+02,1.740000000000000000e+02
3.997568163467211662e+02,1.890000305175781250e+02
4.002695240094702740e+02,1.820000457763671875e+02
4.007823427387822335e+02,1.752001037597656250e+02
4.012952725346568741e+02,1.776000823974609375e+02
4.018083133970942527e+02,1.626000671386718750e+02
4.023214653260943123e+02,1.560000305175781250e+02
4.028347283216571668e+02,1.646000518798828125e+02
4.033481023837827024e+02,1.564000091552734375e+02
4.038615875124710328e+02,1.737999572753906250e+02
4.043751837077220443e+02,1.292000122070312500e+02
4.048888909695357938e+02,1.192000350952148438e+02
4.054027092979122244e+02,1.270000381469726562e+02
4.059166386928514498e+02,1.140000457763671875e+02
4.064306791543533564e+02,1.006000595092773438e+02
4.069448306824180577e+02,1.026000671386718750e+02
4.074590932770454401e+02,9.700004577636718750e+01
4.079734669382355605e+02,1.118000488281250000e+02
4.084879516659883620e+02,1.394000396728515625e+02
4.090025474603039584e+02,1.340000457763671875e+02
4.095172543211822358e+02,1.362000274658203125e+02
4.100320722486233080e+02,1.362000122070312500e+02
4.105470012426270614e+02,1.492000122070312500e+02
4.110620413031935527e+02,1.753999786376953125e+02
4.115771924303227252e+02,1.615999603271484375e+02
4.120924546240147492e+02,1.541999511718750000e+02
4.126078278842693408e+02,1.403999633789062500e+02
4.131233122110867839e+02,1.587999572753906250e+02
4.136389076044669082e+02,1.671999969482421875e+02
4.141546140644097704e+02,1.706000061035156250e+02
4.146704315909153706e+02,1.396000213623046875e+02
4.151863601839836520e+02,1.306000366210937500e+02
4.157023998436147281e+02,1.374000396728515625e+02
4.162185505698084853e+02,1.703999786376953125e+02
4.167348123625649805e+02,1.301999969482421875e+02
4.172511852218842705e+02,1.225999832153320312e+02
4.177676691477661848e+02,1.286000366210937500e+02
4.182842641402108939e+02,1.448000335693359375e+02
4.188009701992183409e+02,1.632000122070312500e+02
4.193177873247884690e+02,1.622000274658203125e+02
4.198347155169212783e+02,1.422000885009765625e+02
4.203517547756168824e+02,1.404000854492187500e+02
4.208689051008752813e+02,1.560000152587890625e+02
4.213861664926963044e+02,1.382000427246093750e+02
4.219035389510801224e+02,1.366000518798828125e+02
4.224210224760266215e+02,1.380000610351562500e+02
4.229386170675358585e+02,1.588000030517578125e+02
4.234563227256078335e+02,1.909999694824218750e+02
4.239741394502425464e+02,1.811999511718750000e+02
4.244920672414399405e+02,1.682000122070312500e+02
4.250101060992001294e+02,1.394000244140625000e+02
4.255282560235229994e+02,1.258000259399414062e+02
4.260465170144086642e+02,1.178000183105468750e+02
4.265648890718570101e+02,1.237999877929687500e+02
4.270833721958680371e+02,1.061999816894531250e+02
4.276019663864418590e+02,1.305999908447265625e+02
4.281206716435783619e+02,1.437999725341796875e+02
4.286394879672776597e+02,1.587999877929687500e+02
4.291584153575396385e+02,1.515999908447265625e+02
4.296774538143643554e+02,1.324000549316406250e+02
4.301966033377518102e+02,1.336000213623046875e+02
4.307158639277020029e+02,1.532000122070312500e+02
4.312352355842148768e+02,1.532000885009765625e+02
4.317547183072905455e+02,1.302000427246093750e+02
4.322743120969288952e+02,1.302000427246093750e+02
4.327940169531299262e+02,1.516000823974609375e+02
4.333138328758938087e+02,1.506000061035156250e+02
4.338337598652203155e+02,1.497999877929687500e+02
4.343537979211096172e+02,1.374000396728515625e+02
4.348739470435616568e+02,1.250000457763671875e+02
4.353942072325763775e+02,1.166000518798828125e+02
4.359145784881537793e+02,1.150000610351562500e+02
4.364350608102939759e+02,1.222000656127929688e+02
4.369556541989969105e+02,1.274000778198242188e+02
4.374763586542625262e+02,1.272000427246093750e+02
4.379971741760909367e+02,1.164000396728515625e+02
4.385181007644820284e+02,1.228000106811523438e+02
4.390391384194358579e+02,1.106000366210937500e+02
4.395602871409524823e+02,1.270000534057617188e+02
4.400815469290316742e+02,1.424000091552734375e+02
4.406029177836737176e+02,1.498000030517578125e+02
4.411243997048784422e+02,1.612000274658203125e+02
4.416459926926459616e+02,1.616000061035156250e+02
4.421676967469761621e+02,1.499999694824218750e+02
4.426895118678691006e+02,1.515999755859375000e+02
4.432114380553247770e+02,1.456000061035156250e+02
4.437334753093431345e+02,1.430000000000000000e+02
4.442556236299242300e+02,1.398000030517578125e+02
4.447778830170681204e+02,1.303999938964843750e+02
4.453002534707746918e+02,1.251999740600585938e+02
4.458227349910440012e+02,1.215999908447265625e+02
4.463453275778760485e+02,1.151999740600585938e+02
4.468680312312708338e+02,1.233999938964843750e+02
4.473908459512282434e+02,1.205999908447265625e+02
4.479137717377484478e+02,1.323999786376953125e+02
4.484368085908314470e+02,1.535999908447265625e+02
4.489599565104771273e+02,1.578000183105468750e+02
4.494832154966855455e+02,1.611999664306640625e+02
4.500065855494566449e+02,1.732000274658203125e+02
4.505300666687905391e+02,1.764000549316406250e+02
4.510536588546871144e+02,1.646000976562500000e+02
4.515773621071464277e+02,1.564000701904296875e+02
4.521011764261684789e+02,1.490000762939453125e+02
4.526251018117532681e+02,1.544000396728515625e+02
4.531491382639007952e+02,1.619999389648437500e+02
4.536732857826110035e+02,1.659999542236328125e+02
4.541975443678838928e+02,1.419999694824218750e+02
4.547219140197196339e+02,1.481999664306640625e+02
4.552463947381180560e+02,1.633999328613281250e+02
4.557709865230792161e+02,1.633999786376953125e+02
4.562956893746030573e+02,1.540000000000000000e+02
4.568205032926896934e+02,1.478000030517578125e+02
4.573454282773390105e+02,1.414000091552734375e+02
4.578704643285511224e+02,1.480000457763671875e+02
4.583956114463258587e+02,1.786000213623046875e+02
4.589208696306633897e+02,1.863999938964843750e+02
4.594462388815636587e+02,1.906000366210937500e+02
4.599717191990266656e+02,1.816000518798828125e+02
4.604973105830523536e+02,1.573999938964843750e+02
4.610230130336407797e+02,1.504000244140625000e+02
4.615488265507918868e+02,1.315999450683593750e+02
4.620747511345057887e+02,1.396000061035156250e+02
4.626007867847824286e+02,1.703999633789062500e+02
4.631269335016218065e+02,1.481999816894531250e+02
4.636531912850238655e+02,1.423999786376953125e+02
4.641795601349887193e+02,1.260000305175781250e+02
4.647060400515161973e+02,1.323999633789062500e+02
4.652326310346064702e+02,1.441999969482421875e+02
4.657593330842594241e+02,1.544000091552734375e+02
4.662861462004751729e+02,1.675999450683593750e+02
4.668130703832536028e+02,1.459999542236328125e+02
4.673401056325948275e+02,1.390000152587890625e+02
4.678672519484987333e+02,1.268000183105468750e+02
4.683945093309653203e+02,1.118000259399414062e+02
4.689218777799947020e+02,1.062000350952148438e+02
4.694493572955867648e+02,1.281999969482421875e+02
4.699769478777416225e+02,1.322000122070312500e+02
4.705046495264591613e+02,1.503999481201171875e+02
4.710324622417394380e+02,1.606000213623046875e+02
4.715603860235824527e+02,1.594000549316406250e+02
4.720884208719882054e+02,1.610000305175781250e+02
4.726165667869565823e+02,1.484000091552734375e+02
4.731448237684878109e+02,1.372000122070312500e+02
4.736731918165817206e+02,1.470000000000000000e+02
4.742016709312383682e+02,1.604000244140625000e+02
4.747302611124578107e+02,1.706000213623046875e+02
4.752589623602399342e+02,1.622000579833984375e+02
4.757877746745847389e+02,1.738000030517578125e+02
4.763166980554922247e+02,1.900000000000000000e+02
4.768457325029625622e+02,1.843999633789062500e+02
4.773748780169955808e+02,1.688000183105468750e+02
4.779041345975913373e+02,1.622000122070312500e+02
4.784335022447498318e+02,1.368000183105468750e+02
4.789629809584710074e+02,1.448000030517578125e+02
4.794925707387549778e+02,1.601999969482421875e+02
4.800222715856016293e+02,1.540000152587890625e+02
4.805520834990110188e+02,1.508000335693359375e+02
4.810820064789831463e+02,1.411999816894531250e+02
4.816120405255179548e+02,1.498000030517578125e+02
4.821421856386156151e+02,1.443999938964843750e+02
4.826724418182758995e+02,1.522000122070312500e+02
4.832028090644988652e+02,1.455999908447265625e+02
4.837332873772846824e+02,1.812000427246093750e+02
4.842638767566331808e+02,1.634000396728515625e+02
4.847945772025443603e+02,1.614000091552734375e+02
4.853253887150183346e+02,1.470000457763671875e+02
4.858563112940549900e+02,1.400000457763671875e+02
4.863873449396544402e+02,1.249999923706054688e+02
4.869184896518165715e+02,1.153999862670898438e+02
4.874497454305413839e+02,1.298000030517578125e+02
4.879811122758289912e+02,1.344000244140625000e+02
4.885125901876793364e+02,1.382000122070312500e+02
4.890441791660923627e+02,1.514000549316406250e+02
4.895758792110681838e+02,1.318000030517578125e+02
4.901076903226066861e+02,1.135999755859375000e+02
4.906396125007078695e+02,1.117999877929687500e+02
4.911716457453718476e+02,1.119999618530273438e+02
4.917037900565985638e+02,1.497999267578125000e+02
4.922360454343879610e+02,1.604001007080078125e+02
4.927684118787401530e+02,1.451999969482421875e+02
4.933008893896550262e+02,1.307999572753906250e+02
4.938334779671326373e+02,1.181999893188476562e+02
4.943661776111729296e+02,1.341999664306640625e+02
4.948989883217759598e+02,1.409999694824218750e+02
4.954319100989417848e+02,1.385999603271484375e+02
4.959649429426702909e+02,1.423999938964843750e+02
4.964980868529615918e+02,1.292000122070312500e+02
4.970313418298155739e+02,1.228000411987304688e+02
4.975647078732322939e+02,1.321999969482421875e+02
4.980981849832116950e+02,1.352000122070312500e+02
4.986317731597538341e+02,1.426000061035156250e+02
4.991654724028587680e+02,1.339999847412109375e+02
4.996992827125263830e+02,1.229999923706054688e+02
5.002332040887567359e+02,1.359999847412109375e+02
5.007672365315498269e+02,1.342000122070312500e+02
5.013013800409056557e+02,1.239999847412109375e+02
5.018356346168241089e+02,1.101999893188476562e+02
5.023700002593054137e+02,1.021999893188476562e+02
5.029044769683493996e+02,1.071999511718750000e+02
5.034390647439561235e+02,1.139999389648437500e+02
5.039737635861255853e+02,1.339999389648437500e+02
5.045085734948577851e+02,1.427999572753906250e+02
5.050434944701527229e+02,9.999997711181640625e+01
5.055785265120102849e+02,1.007999801635742188e+02
5.061136696204306418e+02,9.959998321533203125e+01
5.066489237954137934e+02,1.001999893188476562e+02
5.071842890369596262e+02,1.174000091552734375e+02
5.077197653450681400e+02,1.401999969482421875e+02
5.082553527197394487e+02,1.290000305175781250e+02
5.087910511609734385e+02,1.301999969482421875e+02
5.093268606687701094e+02,1.456000518798828125e+02
5.098627812431295752e+02,1.376000366210937500e+02
5.103988128840518357e+02,1.198000564575195312e+02
5.109349555915367773e+02,1.038000106811523438e+02
5.114712093655844001e+02,1.004000015258789062e+02
5.120075742061948176e+02,1.041999893188476562e+02
5.125440501133679163e+02,1.099999923706054688e+02
5.130806370871036961e+02,1.185999832153320312e+02
5.136173351274022707e+02,1.181999969482421875e+02
5.141541442342636401e+02,1.259999923706054688e+02
5.146910644076876906e+02,1.247999725341796875e+02
5.152280956476743086e+02,1.134000167846679688e+02
5.157652379542238350e+02,1.178000259399414062e+02
5.163024913273361562e+02,1.321999816894531250e+02
5.168398557670109312e+02,1.541999511718750000e+02
5.173773312732486147e+02,1.643999023437500000e+02
5.179149178460490930e+02,1.553999328613281250e+02
5.184526154854122524e+02,1.535999908447265625e+02
5.189904241913379792e+02,1.436000366210937500e+02
5.195283439638266145e+02,1.442000274658203125e+02
5.200663748028778173e+02,1.538000335693359375e+02
5.206045167084919285e+02,1.590000000000000000e+02
5.211427696806687209e+02,1.548000030517578125e+02
5.216811337194081943e+02,1.637999877929687500e+02
5.222196088247103489e+02,1.166000137329101562e+02
5.227581949965754120e+02,1.162000122070312500e+02
5.232968922350030425e+02,1.322000122070312500e+02
5.238357005399934678e+02,1.436000061035156250e+02
5.243746199115465743e+02,1.557999877929687500e+02
5.249136503496624755e+02,1.701999511718750000e+02
5.254527918543410578e+02,1.762000122070312500e+02
5.259920444255824350e+02,1.790000305175781250e+02
5.265314080633863796e+02,1.523999938964843750e+02
5.270708827677532327e+02,1.579999847412109375e+02
5.276104685386826532e+02,1.579999847412109375e+02
5.281501653761749822e+02,1.335999755859375000e+02
5.286899732802298786e+02,1.353999633789062500e+02
5.292298922508475698e+02,1.306000366210937500e+02
5.297699222880280558e+02,1.393999938964843750e+02
5.303100633917712230e+02,1.433999938964843750e+02
5.308503155620771849e+02,1.169999771118164062e+02
5.313906787989456006e+02,1.019999923706054688e+02
5.319311531023770385e+02,1.033999938964843750e+02
5.324717384723710438e+02,1.099999771118164062e+02
5.330124349089278439e+02,1.193999557495117188e+02
5.335532424120474388e+02,1.379999542236328125e+02
5.340941609817296012e+02,1.407999877929687500e+02
5.346351906179746720e+02,1.505999755859375000e+02
5.351763313207823103e+02,1.520000000000000000e+02
5.357175830901528570e+02,1.439999237060546875e+02
5.362589459260859712e+02,1.441998901367187500e+02
5.368004198285818802e+02,1.251999206542968750e+02
5.373420047976404703e+02,1.197999191284179688e+02
5.378837008332618552e+02,1.313999328613281250e+02
5.384255079354459212e+02,1.443999938964843750e+02
5.389674261041927821e+02,1.513999481201171875e+02
5.395094553395022103e+02,1.215999984741210938e+02
5.400515956413745471e+02,1.222000045776367188e+02
5.405938470098094513e+02,1.440000000000000000e+02
5.411362094448072639e+02,1.410000000000000000e+02
5.416786829463676440e+02,1.389999847412109375e+02
5.422212675144909326e+02,1.417999877929687500e+02
5.427639631491767886e+02,1.455999755859375000e+02
5.433067698504254395e+02,1.697999572753906250e+02
5.438496876182367714e+02,1.480000000000000000e+02
5.443927164526108982e+02,1.320000305175781250e+02
5.449358563535477060e+02,1.262000350952148438e+02
5.454791073210473087e+02,1.212000274658203125e+02
5.460224693551095925e+02,1.258000488281250000e+02
5.465659424557345574e+02,1.336000518798828125e+02
5.471095266229222034e+02,1.378000793457031250e+02
5.476532218566727579e+02,1.392000885009765625e+02
5.481970281569859935e+02,1.572000732421875000e+02
5.487409455238619103e+02,1.574000244140625000e+02
5.492849739573005081e+02,1.744000244140625000e+02
5.498291134573019008e+02,1.578000335693359375e+02
5.503733640238660882e+02,1.462000427246093750e+02
5.509177256569928431e+02,1.400000305175781250e+02
5.514621983566823928e+02,1.462000427246093750e+02
5.520067821229347373e+02,1.644000244140625000e+02
5.525514769557497630e+02,1.667999877929687500e+02
5.530962828551275834e+02,1.535999755859375000e+02
5.536411998210679712e+02,1.421999359130859375e+02
5.541862278535711539e+02,1.417999877929687500e+02
5.547313669526371314e+02,1.459999542236328125e+02
5.552766171182657899e+02,1.395999755859375000e+02
5.558219783504572433e+02,1.321999816894531250e+02
5.563674506492113778e+02,1.310000305175781250e+02
5.569130340145281934e+02,1.386000061035156250e+02
5.574587284464078039e+02,1.408000488281250000e+02
5.580045339448499817e+02,1.383999938964843750e+02
5.585504505098551817e+02,1.268000106811523438e+02
5.590964781414229492e+02,1.062000045776367188e+02
5.596426168395533978e+02,1.058000106811523438e+02
5.601888666042466411e+02,1.349999542236328125e+02
5.607352274355025656e+02,1.625999603271484375e+02
5.612816993333212849e+02,1.362000122070312500e+02
5.618282822977025717e+02,1.215999908447265625e+02
5.623749763286467669e+02,1.300000000000000000e+02
5.629217814261536432e+02,1.271999893188476562e+02
5.634686975902232007e+02,1.201999740600585938e+02
5.640157248208556666e+02,1.133999786376953125e+02
5.645628631180507000e+02,1.355999755859375000e+02
5.651101124818084145e+02,1.597999725341796875e+02
5.656574729121289238e+02,1.567999572753906250e+02
5.662049444090121142e+02,1.469999542236328125e+02
5.667525269724580994e+02,1.524000091552734375e+02
5.673002206024668794e+02,1.441999816894531250e+02
5.678480252990382269e+02,1.551999816894531250e+02
5.683959410621723691e+02,1.631999816894531250e+02
5.689439678918693062e+02,1.529999542236328125e+02
5.694921057881289244e+02,1.357999267578125000e+02
5.700403547509512237e+02,1.419999542236328125e+02
5.705887147803363177e+02,1.515999603271484375e+02
5.711371858762840930e+02,1.483999938964843750e+02
5.716857680387946630e+02,1.279999542236328125e+02
5.722344612678678004e+02,1.275999679565429688e+02
5.727832655635038464e+02,1.403999633789062500e+02
5.733321809257025734e+02,1.377999572753906250e+02
5.738812073544640953e+02,1.293999481201171875e+02
5.744303448497881845e+02,1.221999435424804688e+02
5.749795934116750686e+02,1.341999664306640625e+02
5.755289530401247475e+02,1.584000244140625000e+02
5.760784237351371075e+02,1.584000244140625000e+02
5.766280054967121487e+02,1.696000061035156250e+02
5.771776983248499846e+02,1.990000000000000000e+02
5.777275022195505016e+02,1.815999755859375000e+02
5.782774171808138135e+02,1.698000335693359375e+02
5.788274432086398065e+02,1.941999816894531250e+02
5.793775803030284806e+02,2.007999877929687500e+02
5.799278284639799494e+02,1.869999847412109375e+02
5.804781876914940995e+02,1.771999816894531250e+02
5.810286579855710443e+02,1.815999908447265625e+02
5.815792393462106702e+02,1.867999420166015625e+02
5.821299317734130909e+02,1.863998870849609375e+02
5.826807352671781928e+02,1.801999053955078125e+02
5.832316498275060894e+02,1.659999084472656250e+02
5.837826754543966672e+02,1.689998779296875000e+02
5.843338121478498124e+02,1.841998291015625000e+02
5.848850599078657524e+02,1.859998321533203125e+02
5.854364187344446009e+02,1.859998321533203125e+02
5.859878886275860168e+02,2.033998260498046875e+02
5.865394695872903412e+02,2.131998291015625000e+02
5.870911616135572331e+02,2.185998535156250000e+02
5.876429647063868060e+02,2.199998168945312500e+02
5.881948788657791738e+02,2.187999114990234375e+02
5.887469040917343364e+02,2.293999023437500000e+02
5.892990403842521800e+02,2.279999389648437500e+02
5.898512877433327048e+02,2.257999420166015625e+02
5.904036461689761381e+02,2.236000061035156250e+02
5.909561156611821389e+02,2.255999908447265625e+02
5.915086962199508207e+02,2.373999328613281250e+02
5.920613878452822973e+02,2.317999725341796875e+02
5.926141905371764551e+02,2.273999633789062500e+02
5.931671042956334077e+02,2.523999481201171875e+02
5.937201291206531550e+02,2.709999694824218750e+02
5.942732650122354698e+02,2.597999877929687500e+02
5.948265119703806931e+02,2.669999694824218750e+02
5.953798699950884838e+02,2.671999816894531250e+02
5.959333390863590694e+02,2.738001403808593750e+02
5.964869192441924497e+02,2.794000549316406250e+02
5.970406104685885111e+02,2.853999633789062500e+02
5.975944127595472537e+02,3.125999450683593750e+02
5.981483261170687911e+02,3.153998718261718750e+02
5.987023505411530095e+02,3.291997680664062500e+02
5.992564860317997955e+02,3.523997497558593750e+02
5.998107325890096035e+02,3.811998291015625000e+02
6.003650902127819791e+02,3.989998474121093750e+02
6.009195589031171494e+02,3.927998352050781250e+02
6.014741386600151145e+02,3.965998535156250000e+02
6.020288294834756471e+02,4.173999023437500000e+02
6.025836313734989744e+02,4.365999145507812500e+02
6.031385443300849829e+02,4.412001037597656250e+02
6.036935683532337862e+02,4.494001464843750000e+02
6.042487034429452706e+02,4.622000732421875000e+02
6.048039495992195498e+02,4.763999938964843750e+02
6.053593068220565101e+02,4.771999511718750000e+02
6.059147751114562652e+02,4.863997802734375000e+02
6.064703544674187015e+02,4.755997314453125000e+02
6.070260448899437051e+02,4.835997619628906250e+02
6.075818463790317310e+02,4.831998291015625000e+02
6.081377589346823243e+02,4.913999328613281250e+02
6.086937825568957123e+02,5.014000549316406250e+02
6.092499172456716678e+02,4.986000976562500000e+02
6.098061630010105318e+02,4.878001098632812500e+02
6.103625198229119633e+02,4.664001159667968750e+02
6.109189877113763032e+02,4.664000854492187500e+02
6.114755666664032105e+02,4.682000122070312500e+02
6.120322566879929127e+02,4.574000244140625000e+02
6.125890577761454097e+02,4.569999694824218750e+02
6.131459699308607014e+02,4.573999938964843750e+02
6.137029931521385606e+02,4.755999755859375000e+02
6.142601274399792146e+02,4.724001464843750000e+02
6.148173727943824360e+02,4.678003234863281250e+02
6.153747292153485660e+02,4.560003051757812500e+02
6.159321967028773770e+02,4.120002441406250000e+02
6.164897752569688691e+02,3.494000549316406250e+02
6.170474648776232698e+02,2.935999450683593750e+02
6.176052655648402379e+02,2.837999267578125000e+02
6.181631773186198870e+02,2.779999084472656250e+02
6.187212001389623310e+02,2.941999206542968750e+02
6.192793340258675698e+02,2.745998535156250000e+02
6.198375789793354897e+02,2.541999206542968750e+02
6.203959349993660908e+02,2.321999664306640625e+02
6.209544020859596003e+02,2.326000366210937500e+02
6.215129802391156773e+02,2.203999328613281250e+02
6.220716694588343216e+02,2.363999023437500000e+02
6.226304697451159882e+02,2.407999420166015625e+02
6.231893810979602222e+02,2.258000183105468750e+02
6.237484035173672510e+02,2.035999450683593750e+02
6.243075370033370746e+02,2.163999023437500000e+02
6.248667815558694656e+02,2.177999572753906250e+02
6.254261371749646514e+02,2.157999877929687500e+02
6.259856038606226321e+02,2.079999542236328125e+02
6.265451816128431801e+02,1.875999145507812500e+02
6.271048704316266367e+02,1.799999694824218750e+02
6.276646703169727743e+02,1.953999633789062500e+02
6.282245812688815931e+02,2.026000213623046875e+02
6.287846032873532067e+02,1.935999603271484375e+02
6.293447363723876151e+02,1.735999908447265625e+02
6.299049805239844773e+02,1.543999633789062500e+02
6.304653357421442479e+02,1.559999237060546875e+02
6.310258020268668133e+02,1.629999694824218750e+02
6.315863793781520599e+02,1.743999633789062500e+02
6.321470677959998739e+02,1.562000274658203125e+02
6.327078672804107100e+02,1.676000213623046875e+02
6.332687778313841136e+02,1.626000061035156250e+02
6.338297994489200846e+02,1.436000061035156250e+02
6.343909321330189641e+02,1.338000030517578125e+02
6.349521758836806384e+02,1.439999694824218750e+02
6.355135307009048802e+02,1.521999511718750000e+02
6.360749965846919167e+02,1.685999298095703125e+02
6.366365735350417481e+02,1.807999725341796875e+02
6.371982615519542605e+02,1.739999694824218750e+02
6.377600606354294541e+02,1.646000366210937500e+02
6.383219707854673288e+02,1.520000457763671875e+02
6.388839920020679983e+02,1.665999908447265625e+02
6.394461242852314626e+02,1.521999816894531250e+02
6.400083676349577217e+02,1.555999908447265625e+02
6.405707220512465483e+02,1.657999572753906250e+02
6.411331875340980559e+02,1.713999633789062500e+02
6.416957640835123584e+02,1.506000061035156250e+02
6.422584516994895694e+02,1.386000518798828125e+02
6.428212503820293477e+02,1.376000518798828125e+02
6.433841601311318072e+02,1.368000488281250000e+02
6.439471809467970616e+02,1.378000335693359375e+02
6.445103128290249970e+02,1.406000518798828125e+02
6.450735557778157272e+02,1.486000518798828125e+02
6.456369097931691385e+02,1.504000396728515625e+02
6.462003748750853447e+02,1.450000610351562500e+02
6.467639510235642319e+02,1.448000030517578125e+02
6.473276382386058003e+02,1.446000061035156250e+02
6.478914365202101635e+02,1.475999298095703125e+02
6.484553458683772078e+02,1.399999237060546875e+02
6.490193662831070469e+02,1.212000045776367188e+02
6.495834977643995671e+02,1.236000137329101562e+02
6.501477403122548822e+02,1.299999847412109375e+02
6.507120939266728783e+02,1.249999771118164062e+02
6.512765586076535556e+02,1.229999847412109375e+02
6.518411343551970276e+02,1.080000000000000000e+02
6.524058211693031808e+02,1.014000244140625000e+02
6.529706190499720151e+02,1.090000152587890625e+02
6.535355279972036442e+02,1.050000152587890625e+02
6.541005480109979544e+02,1.092000274658203125e+02
6.546656790913550594e+02,1.298000488281250000e+02
6.552309212382749593e+02,1.140000610351562500e+02
6.557962744517574265e+02,1.096000442504882812e+02
6.563617387318028022e+02,1.096000442504882812e+02
6.569273140784107454e+02,1.232000274658203125e+02
6.574930004915814834e+02,1.258000335693359375e+02
6.580587979713150162e+02,1.272000350952148438e+02
6.586247065176111164e+02,1.318000030517578125e+02
6.591907261304700114e+02,1.470000152587890625e+02
6.597568568098917012e+02,1.416000366210937500e+02
6.603230985558761859e+02,1.402000427246093750e+02
6.608894513684231242e+02,1.320000762939453125e+02
6.614559152475329711e+02,1.260000839233398438e+02
6.620224901932056127e+02,1.272000579833984375e+02
6.625891762054409355e+02,1.246000518798828125e+02
6.631559732842388257e+02,1.440000762939453125e+02
6.637228814295996244e+02,1.440000000000000000e+02
6.642899006415231042e+02,1.527999877929687500e+02
6.648570309200092652e+02,1.495999908447265625e+02
6.654242722650582209e+02,1.417999725341796875e+02
6.659916246766698578e+02,1.229999847412109375e+02
6.665590881548442894e+02,1.197999954223632812e+02
6.671266626995814022e+02,1.274000473022460938e+02
6.676943483108811961e+02,1.354000396728515625e+02
6.682621449887437848e+02,1.290000610351562500e+02
6.688300527331690546e+02,1.168000640869140625e+02
6.693980715441571192e+02,1.102000579833984375e+02
6.699662014217078649e+02,1.114000396728515625e+02
6.705344423658214055e+02,1.104000244140625000e+02
6.711027943764976271e+02,1.170000000000000000e+02
6.716712574537366436e+02,1.444000244140625000e+02
6.722398315975381138e+02,1.661999969482421875e+02
6.728085168079026062e+02,1.553999938964843750e+02
6.733773130848296660e+02,1.487999877929687500e+02
6.739462204283196343e+02,1.389999389648437500e+02
6.745152388383721700e+02,1.463999786376953125e+02
6.750843683149876142e+02,1.461999664306640625e+02
6.756536088581656259e+02,1.526000061035156250e+02
6.762229604679064323e+02,1.558000488281250000e+02
6.767924231442098062e+02,1.660000457763671875e+02
6.773619968870760886e+02,1.385999755859375000e+02
6.779316816965050521e+02,1.253999862670898438e+02
6.785014775724966967e+02,9.899999237060546875e+01
6.790713845150512498e+02,9.420000457763671875e+01
6.796414025241683703e+02,9.860000610351562500e+01
6.802115315998480582e+02,1.169999618530273438e+02
6.807817717420907684e+02,1.008000030517578125e+02
6.813521229508960459e+02,9.460002899169921875e+01
6.819225852262641183e+02,1.012000350952148438e+02
6.824931585681949855e+02,1.074000396728515625e+02
6.830638429766884201e+02,1.312000274658203125e+02
6.836346384517447632e+02,1.110000457763671875e+02
6.842055449933636737e+02,1.042000427246093750e+02
6.847765626015453790e+02,1.078000564575195312e+02
6.853476912762898792e+02,1.106000671386718750e+02
6.859189310175970604e+02,1.298000793457031250e+02
6.864902818254668091e+02,1.556000823974609375e+02
6.870617436998995800e+02,1.358000335693359375e+02
6.876333166408949182e+02,1.240000381469726562e+02
6.882050006484528240e+02,1.060000076293945312e+02
6.887767957225737518e+02,1.120000000000000000e+02
6.893487018632572472e+02,1.158000030517578125e+02
6.899207190705035373e+02,1.182000198364257812e+02
6.904928473443125085e+02,1.182000122070312500e+02
6.910650866846842746e+02,1.045999908447265625e+02
6.916374370916187218e+02,1.100000076293945312e+02
6.922098985651157363e+02,1.186000213623046875e+02
6.927824711051757731e+02,1.134000320434570312e+02
6.933551547117983773e+02,1.028000411987304688e+02
6.939279493849837763e+02,1.090000381469726562e+02
6.945008551247318564e+02,1.004000396728515625e+02
6.950738719310427314e+02,1.018000335693359375e+02
6.956469998039162874e+02,1.278000411987304688e+02
6.962202387433524109e+02,1.406000366210937500e+02
6.967935887493514429e+02,1.416000366210937500e+02
6.973670498219132696e+02,1.344000549316406250e+02
6.979406219610376638e+02,1.098000106811523438e+02
6.985143051667248528e+02,1.073999938964843750e+02
6.990880994389748366e+02,9.880001068115234375e+01
6.996620047777873879e+02,9.080001068115234375e+01
7.002360211831628476e+02,1.158000030517578125e+02
7.008101486551008747e+02,1.015999984741210938e+02
7.013843871936016967e+02,9.039999389648437500e+01
7.019587367986653135e+02,7.979998016357421875e+01
7.025331974702916114e+02,9.819998168945312500e+01
7.031077692084807040e+02,1.240000076293945312e+02
7.036824520132322505e+02,1.278000183105468750e+02
7.042572458845468191e+02,1.326000061035156250e+02
7.048321508224239551e+02,9.540002441406250000e+01
7.054071668268638859e+02,8.320001220703125000e+01
7.059822938978666116e+02,8.740001678466796875e+01
7.065575320354320183e+02,8.860002899169921875e+01
7.071328812395602199e+02,1.078000259399414062e+02
7.077083415102511026e+02,1.254000549316406250e+02
7.082839128475045527e+02,1.321999969482421875e+02
7.088595952513207976e+02,1.400000000000000000e+02
7.094353887216998373e+02,1.602000274658203125e+02
7.100112932586416719e+02,1.454000244140625000e+02
7.105873088621461875e+02,1.278000411987304688e+02
7.111634355322133842e+02,1.094000320434570312e+02
7.117396732688432621e+02,1.048000411987304688e+02
7.123160220720360485e+02,1.102000350952148438e+02
7.128924819417914023e+02,1.134000396728515625e+02
7.134690528781095509e+02,1.176000289916992188e+02
7.140457348809903806e+02,1.026000823974609375e+02
7.146225279504340051e+02,9.740007019042968750e+01
7.151994320864403107e+02,9.220005035400390625e+01
7.157764472890092975e+02,7.680004119873046875e+01
7.163535735581410790e+02,7.660004425048828125e+01
7.169308108938355417e+02,8.220005035400390625e+01
7.175081592960927992e+02,1.072000503540039062e+02
7.180856187649128515e+02,1.064000473022460938e+02
7.186631893002954712e+02,1.082000198364257812e+02
7.192408709022409994e+02,1.136000213623046875e+02
7.198186635707490950e+02,1.354000091552734375e+02
7.203965673058198718e+02,1.392000122070312500e+02
7.209745821074535570e+02,1.206000289916992188e+02
7.215527079756499234e+02,1.150000076293945312e+02
7.221309449104089708e+02,1.228000030517578125e+02
7.227092929117308131e+02,1.298000183105468750e+02
7.232877519796153365e+02,1.276000289916992188e+02
7.238663221140625410e+02,1.162000122070312500e+02
7.244450033150724266e+02,1.042000198364257812e+02
7.250237955826452207e+02,1.110000152587890625e+02
7.256026989167805823e+02,1.132000350952148438e+02
7.261817133174788523e+02,1.080000457763671875e+02
7.267608387847396898e+02,9.780001831054687500e+01
7.273400753185633221e+02,9.820001983642578125e+01
7.279194229189496355e+02,1.183999938964843750e+02
7.284988815858987437e+02,1.178000106811523438e+02
7.290784513194105330e+02,1.082000274658203125e+02
7.296581321194851171e+02,1.016000442504882812e+02
7.302379239861223823e+02,1.032000427246093750e+02
7.308178269193224423e+02,1.096000366210937500e+02
7.313978409190851835e+02,1.120000152587890625e+02
7.319779659854104921e+02,1.196000289916992188e+02
7.325582021182985955e+02,1.120000305175781250e+02
7.331385493177496073e+02,1.000000228881835938e+02
7.337190075837631866e+02,9.520002746582031250e+01
7.342995769163396744e+02,8.300004577636718750e+01
7.348802573154787297e+02,7.660004425048828125e+01
7.354610487811804660e+02,7.880007171630859375e+01
7.360419513134449971e+02,8.540007019042968750e+01
7.366229649122723231e+02,8.600007629394531250e+01
7.372040895776623302e+02,1.144000473022460938e+02
7.377853253096150183e+02,1.132000427246093750e+02
7.383666721081306150e+02,1.198000488281250000e+02
7.389481299732087791e+02,1.044000473022460938e+02
7.395296989048497380e+02,1.014000625610351562e+02
7.401113789030532644e+02,1.002000503540039062e+02
7.406931699678195855e+02,1.000000457763671875e+02
7.412750720991487015e+02,1.016000213623046875e+02
7.418570852970406122e+02,8.019999694824218750e+01
7.424392095614952041e+02,7.299999237060546875e+01
7.430214448925125907e+02,6.800000762939453125e+01
7.436037912900924312e+02,6.820001983642578125e+01
7.441862487542352937e+02,6.520000457763671875e+01
7.447688172849407238e+02,6.520001220703125000e+01
7.453514968822089486e+02,7.280001831054687500e+01
7.459342875460398545e+02,6.980002593994140625e+01
7.465171892764335553e+02,7.000000762939453125e+01
7.471002020733899371e+02,7.599996185302734375e+01
7.476833259369090001e+02,7.639997100830078125e+01
7.482665608669908579e+02,7.439999389648437500e+01
7.488499068636353968e+02,9.079999542236328125e+01
7.494333639268427305e+02,1.038000030517578125e+02
7.500169320566128590e+02,1.139999923706054688e+02
7.506006112529455550e+02,1.245999832153320312e+02
7.511844015158410457e+02,1.215999755859375000e+02
7.517683028452993312e+02,1.145999755859375000e+02
7.523523152413201842e+02,1.167999801635742188e+02
7.529364387039038320e+02,1.143999786376953125e+02
7.535206732330502746e+02,1.193999710083007812e+02
7.541050188287595120e+02,1.099999694824218750e+02
7.546894754910313168e+02,1.047999725341796875e+02
7.552740432198659164e+02,9.399997711181640625e+01
7.558587220152631971e+02,7.840000915527343750e+01
7.564435118772232727e+02,9.040000915527343750e+01
7.570284128057460293e+02,8.459999847412109375e+01
7.576134248008315808e+02,7.279998779296875000e+01
7.581985478624798134e+02,6.860004425048828125e+01
7.587837819906908408e+02,7.800001525878906250e+01
7.593691271854645493e+02,1.019999542236328125e+02
7.599545834468008252e+02,1.075999526977539062e+02
7.605401507747000096e+02,1.334000396728515625e+02
7.611258291691619888e+02,1.452000885009765625e+02
7.617116186301865355e+02,1.194000167846679688e+02
7.622975191577738769e+02,1.194000244140625000e+02
7.628835307519238995e+02,1.002000198364257812e+02
7.634696534126367169e+02,8.960000610351562500e+01
7.640558871399122154e+02,7.519999694824218750e+01
7.646422319337505087e+02,7.600000000000000000e+01
7.652286877941514831e+02,1.158000183105468750e+02
7.658152547211152523e+02,1.116000213623046875e+02
7.664019327146415890e+02,1.038000106811523438e+02
7.669887217747308341e+02,9.939997100830078125e+01
7.675756219013826467e+02,8.299996948242187500e+01
7.681626330945972541e+02,8.099996948242187500e+01
7.687497553543746562e+02,8.839997863769531250e+01
7.693369886807147395e+02,9.739998626708984375e+01
7.699243330736175039e+02,1.000000000000000000e+02
7.705117885330830632e+02,1.080000152587890625e+02
7.710993550591114172e+02,1.044000091552734375e+02
7.716870326517023386e+02,9.700001525878906250e+01
7.722748213108560549e+02,1.118000183105468750e+02
7.728627210365724522e+02,1.204000244140625000e+02
7.734507318288516444e+02,1.322000122070312500e+02
7.740388536876936314e+02,1.349999847412109375e+02
7.746270866130982995e+02,1.297999267578125000e+02
7.752154306050656487e+02,1.325999603271484375e+02
7.758038856635956790e+02,1.185999603271484375e+02
7.763924517886885042e+02,1.081999816894531250e+02
7.769811289803440104e+02,1.013999557495117188e+02
7.775699172385623115e+02,1.065999374389648438e+02
7.781588165633434073e+02,1.103999786376953125e+02
7.787478269546870706e+02,1.167999801635742188e+02
7.793369484125936424e+02,1.075999069213867188e+02
7.799261809370626679e+02,9.999991607666015625e+01
7.805155245280946019e+02,1.037999267578125000e+02
7.811049791856893307e+02,1.059999389648437500e+02
7.816945449098467407e+02,1.179999771118164062e+02
7.822842217005668317e+02,1.199999923706054688e+02
7.828740095578497176e+02,1.049999923706054688e+02
7.834639084816952845e+02,9.760000610351562500e+01
7.840539184721034189e+02,1.040000152587890625e+02
7.846440395290744618e+02,9.860001373291015625e+01
7.852342716526082995e+02,1.019999923706054688e+02
7.858246148427048183e+02,9.439999389648437500e+01
7.864150690993640183e+02,8.479998016357421875e+01
7.870056344225858993e+02,1.045999908447265625e+02
7.875963108123705751e+02,1.293999786376953125e+02
7.881870982687179321e+02,1.481999664306640625e+02
7.887779967916280839e+02,1.048000335693359375e+02
7.893690063811009168e+02,1.076000366210937500e+02
7.899601270371365445e+02,1.046000137329101562e+02
7.905513587597348533e+02,9.960001373291015625e+01
7.911427015488959569e+02,9.400003051757812500e+01
7.917341554046197416e+02,9.180003356933593750e+01
7.923257203269060938e+02,8.700003051757812500e+01
7.929173963157553544e+02,9.099999237060546875e+01
7.935091833711672962e+02,9.480002593994140625e+01
7.941010814931420327e+02,9.880002593994140625e+01
7.946930906816794504e+02,9.920001983642578125e+01
7.952852109367795492e+02,9.980000305175781250e+01
7.958774422584424428e+02,9.840000915527343750e+01
7.964697846466679039e+02,9.880001831054687500e+01
7.970622381014562734e+02,1.002000198364257812e+02
7.976548026228073240e+02,1.020000610351562500e+02
7.982474782107211695e+02,1.006000595092773438e+02
7.988402648651976961e+02,1.010000610351562500e+02
7.994331625862369037e+02,9.580005645751953125e+01
8.000261713738387925e+02,8.880004119873046875e+01
8.006192912280034761e+02,8.540003204345703125e+01
8.012125221487309545e+02,7.680001831054687500e+01
8.018058641360211141e+02,7.380000305175781250e+01
8.023993171898740684e+02,7.760001373291015625e+01
8.029928813102897038e+02,6.860002899169921875e+01
8.035865564972680204e+02,8.040000152587890625e+01
8.041803427508091318e+02,8.619994354248046875e+01
8.047742400709128106e+02,9.379996490478515625e+01
8.053682484575792841e+02,9.679998779296875000e+01
8.059623679108085526e+02,1.026000061035156250e+02
8.065565984306006158e+02,1.050000228881835938e+02
8.071509400169553601e+02,1.141999969482421875e+02
8.077453926698727855e+02,1.318000030517578125e+02
8.083399563893528921e+02,1.160000076293945312e+02
8.089346311753957934e+02,1.221999969482421875e+02
8.095294170280013759e+02,1.101999664306640625e+02
8.101243139471697532e+02,1.017999572753906250e+02
8.107193219329009253e+02,9.699996185302734375e+01
8.113144409851946648e+02,8.839997100830078125e+01
8.119096711040513128e+02,8.599996948242187500e+01
8.125050122894704145e+02,9.659992218017578125e+01
8.131004645414524248e+02,9.019994354248046875e+01
8.136960278599972298e+02,9.479994964599609375e+01
8.142917022451046023e+02,8.679997253417968750e+01
8.148874876967748833e+02,9.099996948242187500e+01
8.154833842150077317e+02,9.579997253417968750e+01
8.160793917998034885e+02,1.031999740600585938e+02
8.166755104511616992e+02,1.109999923706054688e+02
8.172717401690828183e+02,1.009999923706054688e+02
8.178680809535666185e+02,1.010000152587890625e+02
8.184645328046132136e+02,8.820000457763671875e+01
8.190610957222224897e+02,8.100001525878906250e+01
8.196577697063945607e+02,7.160000610351562500e+01
8.202545547571293127e+02,6.860000610351562500e+01
8.208514508744266323e+02,6.460003662109375000e+01
8.214484580582868603e+02,7.440000152587890625e+01
8.220455763087098831e+02,8.860001373291015625e+01
8.226428056256954733e+02,7.940001678466796875e+01
8.232401460092438583e+02,8.520002746582031250e+01
8.238375974593550382e+02,7.880001831054687500e+01
8.244351599760288991e+02,8.300002288818359375e+01
8.250328335592653275e+02,9.000000000000000000e+01
8.256306182090646644e+02,1.040000152587890625e+02
8.262285139254266824e+02,9.940001678466796875e+01
8.268265207083514952e+02,1.166000213623046875e+02
8.274246385578389891e+02,1.086000137329101562e+02
8.280228674738891641e+02,8.479999542236328125e+01
8.286212074565021339e+02,7.979999542236328125e+01
8.292196585056777849e+02,7.560002136230468750e+01
8.298182206214161170e+02,6.820003509521484375e+01
8.304168938037172438e+02,8.160004425048828125e+01
8.310156780525811655e+02,7.720005798339843750e+01
8.316145733680077683e+02,7.320006561279296875e+01
8.322135797499970522e+02,7.380007171630859375e+01
8.328126971985490172e+02,8.160005950927734375e+01
8.334119257136637771e+02,8.180002593994140625e+01
8.340112652953413317e+02,9.279999542236328125e+01
8.346107159435815674e+02,9.619998168945312500e+01
8.352102776583845980e+02,1.033999710083007812e+02
8.358099504397501960e+02,1.192000122070312500e+02
8.364097342876787025e+02,1.058000259399414062e+02
8.370096292021697764e+02,8.940003204345703125e+01
8.376096351832236451e+02,7.860003662109375000e+01
8.382097522308401949e+02,6.519999694824218750e+01
8.388099803450195395e+02,6.080000686645507812e+01
8.394103195257616790e+02,6.480001831054687500e+01
8.400107697730663858e+02,6.660002899169921875e+01
8.406113310869340012e+02,7.600003814697265625e+01
8.412120034673640703e+02,7.940003967285156250e+01
8.418127869143570479e+02,8.380004119873046875e+01
8.424136814279128203e+02,8.140003204345703125e+01
8.430146870080312738e+02,8.739997100830078125e+01
8.436158036547124084e+02,9.259998321533203125e+01
8.442170313679563378e+02,9.739998626708984375e+01
8.448183701477629484e+02,1.204000167846679688e+02
8.454198199941321263e+02,1.218000564575195312e+02
8.460213809070642128e+02,9.820003509521484375e+01
8.466230528865590941e+02,8.760004425048828125e+01
8.472248359326166565e+02,7.260003662109375000e+01
8.478267300452369000e+02,7.060002899169921875e+01
8.484287352244199383e+02,8.420000457763671875e+01
8.490308514701656577e+02,7.580001068115234375e+01
8.496330787824739446e+02,6.840000915527343750e+01
8.502354171613451399e+02,5.580000686645507812e+01
8.508378666067790164e+02,7.159999084472656250e+01
8.514404271187756876e+02,7.939997100830078125e+01
8.520430986973350400e+02,8.739998626708984375e+01
8.526458813424571872e+02,9.060001373291015625e+01
8.532487750541420155e+02,7.760004425048828125e+01
8.538517798323894112e+02,7.980005645751953125e+01
8.544548956771997155e+02,8.280004119873046875e+01
8.550581225885727008e+02,8.840003967285156250e+01
8.556614605665084810e+02,1.024000549316406250e+02
8.562649096110069422e+02,1.068000488281250000e+02
8.568684697220681983e+02,9.160005187988281250e+01
8.574721408996921355e+02,8.700003814697265625e+01
8.580759231438786401e+02,8.120006561279296875e+01
8.586798164546280532e+02,8.620005035400390625e+01
8.592838208319401474e+02,8.720003509521484375e+01
8.598879362758150364e+02,9.700003051757812500e+01
8.604921627862526066e+02,9.500000762939453125e+01
8.610965003632528578e+02,9.199998474121093750e+01
8.617009490068159039e+02,8.979994964599609375e+01
8.623055087169415174e+02,8.859998321533203125e+01
8.629101794936300394e+02,6.900003814697265625e+01
8.635149613368812425e+02,7.080001831054687500e+01
8.641198542466951267e+02,7.880001068115234375e+01
8.647248582230718057e+02,7.760000610351562500e+01
8.653299732660112795e+02,7.800000762939453125e+01
8.659351993755132071e+02,7.680001831054687500e+01
8.665405365515781568e+02,7.660000610351562500e+01
8.671459847942056740e+02,7.460000610351562500e+01
8.677515441033959860e+02,7.199999237060546875e+01
8.683572144791490928e+02,7.339999389648437500e+01
8.689629959214648807e+02,7.519998931884765625e+01
8.695688884303433497e+02,7.419998931884765625e+01
8.701748920057846135e+02,6.819999694824218750e+01
8.707810066477884448e+02,6.820000457763671875e+01
8.713872323563550708e+02,6.380001068115234375e+01
8.719935691314844917e+02,6.459999847412109375e+01
8.726000169731767073e+02,6.680001068115234375e+01
8.732065758814314904e+02,6.819998931884765625e+01
8.738132458562491820e+02,7.599996948242187500e+01
8.744200268976293273e+02,7.819995880126953125e+01
8.750269190055723811e+02,7.619998931884765625e+01
8.756339221800782298e+02,7.099999237060546875e+01
8.762410364211467595e+02,7.760001373291015625e+01
8.768482617287779703e+02,7.540001678466796875e+01
8.774555981029719760e+02,7.640001678466796875e+01
8.780630455437286628e+02,6.780001068115234375e+01
8.786706040510480307e+02,5.600001525878906250e+01
8.792782736249300797e+02,5.280002593994140625e+01
8.798860542653750372e+02,5.320003890991210938e+01
8.804939459723825621e+02,5.540005111694335938e+01
8.811019487459529955e+02,5.080005645751953125e+01
8.817100625860859964e+02,5.640005874633789062e+01
8.823182874927817920e+02,6.500004577636718750e+01
8.829266234660402688e+02,7.560004425048828125e+01
8.835350705058615404e+02,9.280003356933593750e+01
8.841436286122454931e+02,9.520005035400390625e+01
8.847522977851922406e+02,9.020005035400390625e+01
8.853610780247016692e+02,7.540003967285156250e+01
8.859699693307737789e+02,6.800001525878906250e+01
8.865789717034086834e+02,6.260002136230468750e+01
8.871880851426062691e+02,6.020002365112304688e+01
8.877973096483666495e+02,6.860000610351562500e+01
8.884066452206897111e+02,6.899999237060546875e+01
8.890160918595755675e+02,6.899999237060546875e+01
8.896256495650241050e+02,6.460001373291015625e+01
8.902353183370353236e+02,6.580000305175781250e+01
8.908450981756092233e+02,6.700000000000000000e+01
8.914549890807459178e+02,6.780001068115234375e+01
8.920649910524454071e+02,6.180003356933593750e+01
8.926751040907075776e+02,6.360002899169921875e+01
8.932853281955325428e+02,5.680004119873046875e+01
8.938956633669201892e+02,5.240002822875976562e+01
8.945061096048705167e+02,4.720000457763671875e+01
8.951166669093836390e+02,4.739999389648437500e+01
8.957273352804593287e+02,4.839999771118164062e+01
8.963381147180979269e+02,4.560000228881835938e+01
8.969490052222992063e+02,4.040000534057617188e+01
8.975600067930631667e+02,4.260000228881835938e+01
8.981711194303899219e+02,4.459999465942382812e+01
8.987823431342794720e+02,3.919999694824218750e+01
8.993936779047314758e+02,4.419998550415039062e+01
9.000051237417465018e+02,4.320001602172851562e+01
9.006166806453240952e+02,4.380002212524414062e+01
9.012283486154644834e+02,4.220000457763671875e+01
9.018401276521676664e+02,4.520001602172851562e+01
9.024520177554334168e+02,5.000002288818359375e+01
9.030640189252620758e+02,4.860002517700195312e+01
9.036761311616533021e+02,4.640001678466796875e+01
9.042883544646072096e+02,4.100001525878906250e+01
9.049006888341240256e+02,4.040002441406250000e+01
9.055131342702035226e+02,3.840001296997070312e+01
9.061256907728457008e+02,3.880001831054687500e+01
9.067383583420506739e+02,3.780001449584960938e+01
9.073511369778183280e+02,3.940001678466796875e+01
9.079640266801486632e+02,3.720000076293945312e+01
9.085770274490417933e+02,4.039999771118164062e+01
9.091901392844976044e+02,4.660000610351562500e+01
9.098033621865162104e+02,4.620001220703125000e+01
9.104166961550974975e+02,4.480000686645507812e+01
9.110301411902415794e+02,4.920000839233398438e+01
9.116436972919483424e+02,5.340000534057617188e+01
9.122573644602179002e+02,6.039999008178710938e+01
9.128711426950500254e+02,6.199998474121093750e+01
9.134850319964449454e+02,6.159998703002929688e+01
9.140990323644026603e+02,7.339998626708984375e+01
9.147131437989230562e+02,6.519999694824218750e+01
9.153273663000062470e+02,6.519999694824218750e+01
9.159416998676521189e+02,6.820000457763671875e+01
9.165561445018605582e+02,8.160001373291015625e+01
9.171707002026319060e+02,8.900002288818359375e+01
9.177853669699659349e+02,8.940003967285156250e+01
9.184001448038627586e+02,8.940003204345703125e+01
9.190150337043222635e+02,9.520001220703125000e+01
9.196300336713445631e+02,8.760002136230468750e+01
9.202451447049294302e+02,7.980003356933593750e+01
9.208603668050772058e+02,6.800002288818359375e+01
9.214756999717875487e+02,5.900001144409179688e+01
9.220911442050606865e+02,5.880001068115234375e+01
9.227066995048965055e+02,5.400001525878906250e+01
9.233223658712951192e+02,6.360002136230468750e+01
9.239381433042565277e+02,6.780001831054687500e+01
9.245540318037806173e+02,7.060002136230468750e+01
9.251700313698672744e+02,5.840003204345703125e+01
9.257861420025168400e+02,5.080003356933593750e+01
9.264023637017290866e+02,5.200002670288085938e+01
9.270186964675040144e+02,5.400002670288085938e+01
9.276351402998417370e+02,5.420003128051757812e+01
9.282516951987422544e+02,4.800003051757812500e+01
9.288683611642054530e+02,5.160002899169921875e+01
9.294851381962312189e+02,5.060003280639648438e+01
9.301020262948197797e+02,4.660004425048828125e+01
9.307190254599711352e+02,5.060005187988281250e+01
9.313361356916852856e+02,5.760004043579101562e+01
9.319533569899621170e+02,5.520002746582031250e+01
9.325706893548016296e+02,5.720001983642578125e+01
9.331881327862038233e+02,5.580001831054687500e+01
9.338056872841688119e+02,5.740001678466796875e+01
9.344233528486964815e+02,6.440000915527343750e+01
9.350411294797869459e+02,5.220000839233398438e+01
9.356590171774402052e+02,4.820000839233398438e+01
9.362770159416561455e+02,5.420001602172851562e+01
9.368951257724347670e+02,5.580002212524414062e+01
9.375133466697761833e+02,6.100001144409179688e+01
9.381316786336801670e+02,6.320003128051757812e+01
9.387501216641469455e+02,6.980000305175781250e+01
9.393686757611765188e+02,6.780003356933593750e+01
9.399873409247687732e+02,6.020003890991210938e+01
9.406061171549238225e+02,5.660002899169921875e+01
9.412250044516415528e+02,5.000003051757812500e+01
9.418440028149219643e+02,5.120001983642578125e+01
9.424631122447651705e+02,4.320001220703125000e+01
9.430823327411710579e+02,4.100001144409179688e+01
9.437016643041397401e+02,4.700002670288085938e+01
9.443211069336711034e+02,4.100003051757812500e+01
9.449406606297652615e+02,4.080003356933593750e+01
9.455603253924221008e+02,4.140002059936523438e+01
9.461801012216417348e+02,4.240000534057617188e+01
9.467999881174238226e+02,4.379998779296875000e+01
9.474199860797689325e+02,4.720001602172851562e+01
9.480400951086766099e+02,6.000003433227539062e+01
9.486603152041471958e+02,5.400004196166992188e+01
9.492806463661803491e+02,4.960002517700195312e+01
9.499010885947762972e+02,5.680003356933593750e+01
9.505216418899349264e+02,5.000002670288085938e+01
9.511423062516562368e+02,4.180000305175781250e+01
9.517630816799404556e+02,4.660001373291015625e+01
9.523839681747872419e+02,5.240000534057617188e+01
9.530049657361968229e+02,5.020001602172851562e+01
9.536260743641691988e+02,4.800000381469726562e+01
9.542472940587042558e+02,4.580001068115234375e+01
9.548686248198019939e+02,5.240000534057617188e+01
9.554900666474624131e+02,4.540000915527343750e+01
9.561116195416856272e+02,4.439999771118164062e+01
9.567332835024716360e+02,4.419998931884765625e+01
9.573550585298203259e+02,5.199998474121093750e+01
9.579769446237316970e+02,5.580000686645507812e+01
9.585989417842058629e+02,5.379999542236328125e+01
9.592210500112425962e+02,5.420000839233398438e+01
9.598432693048422379e+02,5.000001525878906250e+01
9.604655996650045608e+02,5.340002059936523438e+01
9.610880410917296786e+02,5.240002822875976562e+01
9.617105935850174774e+02,5.780002593994140625e+01
9.623332571448679573e+02,6.660002899169921875e+01
9.629560317712812321e+02,7.460002899169921875e+01
9.635789174642570742e+02,7.840002441406250000e+01
9.642019142237957112e+02,8.000001525878906250e+01
9.648250220498971430e+02,7.820001983642578125e+01
9.654482409425613696e+02,8.080001831054687500e+01
9.660715709017882773e+02,6.700003051757812500e+01
9.666950119275778661e+02,6.160002517700195312e+01
9.673185640199301361e+02,5.720001983642578125e+01
9.679422271788452008e+02,5.440001296997070312e+01
9.685660014043229467e+02,6.500000000000000000e+01
9.691898866963634873e+02,6.120000076293945312e+01
9.698138830549668228e+02,5.240001296997070312e+01
9.704379904801328394e+02,4.960000610351562500e+01
9.710622089718615371e+02,5.000000000000000000e+01
9.716865385301529159e+02,5.320001220703125000e+01
9.723109791550069758e+02,5.540001678466796875e+01
9.729355308464239442e+02,6.659999847412109375e+01
9.735601936044035938e+02,7.679998016357421875e+01
9.741849674289459244e+02,7.239998626708984375e+01
9.748098523200510499e+02,7.199996948242187500e+01
9.754348482777188565e+02,6.779998016357421875e+01
9.760599553019492305e+02,6.219998931884765625e+01
9.766851733927425130e+02,6.519999694824218750e+01
9.773105025500985903e+02,5.280002212524414062e+01
9.779359427740172350e+02,4.680002975463867188e+01
9.785614940644987882e+02,4.880004119873046875e+01
9.791871564215429089e+02,5.160003280639648438e+01
9.798129298451498244e+02,5.140002441406250000e+01
9.804388143353195346e+02,5.020001602172851562e+01
9.810648098920518123e+02,5.119999694824218750e+01
9.816909165153468848e+02,5.039999771118164062e+01
9.823171342052047521e+02,5.179999542236328125e+01
9.829434629616253005e+02,5.159999084472656250e+01
9.835699027846085301e+02,5.260000610351562500e+01
9.841964536741545544e+02,5.280000686645507812e+01
9.848231156302632598e+02,5.560000991821289062e+01
9.854498886529346464e+02,5.200000762939453125e+01
9.860767727421689415e+02,4.400001144409179688e+01
9.867037678979658040e+02,3.440000534057617188e+01
9.873308741203255749e+02,3.420000457763671875e+01
9.879580914092479134e+02,3.380000305175781250e+01
9.885854197647330466e+02,3.520000457763671875e+01
9.892128591867808609e+02,5.080001449584960938e+01
9.898404096753913564e+02,7.099998474121093750e+01
9.904680712305646466e+02,8.100002288818359375e+01
9.910958438523007317e+02,7.300003051757812500e+01
9.917237275405994978e+02,7.520003509521484375e+01
9.923517222954609451e+02,7.640003204345703125e+01
9.929798281168851872e+02,6.860002136230468750e+01
9.936080450048719968e+02,5.459999847412109375e+01
9.942363729594217148e+02,5.359999084472656250e+01
9.948648119805341139e+02,5.060000228881835938e+01
9.954933620682091941e+02,4.979999542236328125e+01
9.961220232224470692e+02,4.739998245239257812e+01
9.967507954432477391e+02,4.140000152587890625e+01
9.973796787306109763e+02,3.680000686645507812e+01
9.980086730845368947e+02,3.240000152587890625e+01
9.986377785050257216e+02,3.640001296997070312e+01
9.992669949920772297e+02,3.959999465942382812e+01
9.998963225456914188e+02,4.580002212524414062e+01
1.000525761165868403e+03,4.780002593994140625e+01
1.001155310852608181e+03,4.760002517700195312e+01
1.001784971605910414e+03,5.540001296997070312e+01
1.002414743425775555e+03,6.260000991821289062e+01
1.003044626312203491e+03,5.940000534057617188e+01
1.003674620265194108e+03,4.400001907348632812e+01
1.004304725284747406e+03,4.460002136230468750e+01
1.004934941370863498e+03,4.300001525878906250e+01
1.005565268523542272e+03,4.340001296997070312e+01
1.006195706742783841e+03,4.439999008178710938e+01
1.006826256028587864e+03,3.520000076293945312e+01
1.007456916380954908e+03,3.880000305175781250e+01
1.008087687799884634e+03,4.140001678466796875e+01
1.008718570285377041e+03,4.820000839233398438e+01
1.009349563837432243e+03,4.660000991821289062e+01
1.009980668456050125e+03,4.520001220703125000e+01
1.010611884141230576e+03,4.960001754760742188e+01
1.011243210892973934e+03,5.220000839233398438e+01
1.011874648711280088e+03,5.100001144409179688e+01
1.012506197596148809e+03,5.620001220703125000e+01
1.013137857547580438e+03,5.240000534057617188e+01
1.013769628565574635e+03,4.780000305175781250e+01
1.014401510650131627e+03,4.700001144409179688e+01
1.015033503801251413e+03,4.500000762939453125e+01
1.015665608018933654e+03,4.120000839233398438e+01
1.016297823303178916e+03,3.580001068115234375e+01
1.016930149653986746e+03,3.400000762939453125e+01
1.017562587071357484e+03,3.279999923706054688e+01
1.018195135555290790e+03,3.659999465942382812e+01
1.018827795105786890e+03,3.880000305175781250e+01
1.019460565722845558e+03,4.280001068115234375e+01
1.020093447406467135e+03,4.100002288818359375e+01
1.020726440156651392e+03,3.780001068115234375e+01
1.021359543973398445e+03,3.620000457763671875e+01
1.021992758856708178e+03,3.360000610351562500e+01
1.022626084806580707e+03,3.100000762939453125e+01
1.023259521823015803e+03,3.400000000000000000e+01
1.023893069906013807e+03,5.100000381469726562e+01
1.024526729055574378e+03,5.539998245239257812e+01
1.025160499271697518e+03,4.939999771118164062e+01
1.025794380554383679e+03,4.020000839233398438e+01
1.026428372903632635e+03,3.239999771118164062e+01
1.027062476319444158e+03,3.240000152587890625e+01
1.027696690801818477e+03,3.440001296997070312e+01
1.028331016350755363e+03,3.640001296997070312e+01
1.028965452966255270e+03,3.820001220703125000e+01
1.029600000648317746e+03,3.860000991821289062e+01
1.030234659396942789e+03,4.120002746582031250e+01
1.030869429212130854e+03,4.260001754760742188e+01
1.031504310093881486e+03,4.200001525878906250e+01
1.032139302042194913e+03,4.320000076293945312e+01
1.032774405057070908e+03,4.320000839233398438e+01
1.033409619138509697e+03,4.220000839233398438e+01
1.034044944286511281e+03,2.840000534057617188e+01
1.034680380501075433e+03,2.799999618530273438e+01
1.035315927782202607e+03,2.559999465942382812e+01
1.035951586129892348e+03,2.839999771118164062e+01
1.036587355544144884e+03,3.160000038146972656e+01
1.037223236024959988e+03,3.499999618530273438e+01
1.037859227572337886e+03,3.739999771118164062e+01
1.038495330186278579e+03,3.499999618530273438e+01
1.039131543866782067e+03,3.459999084472656250e+01
1.039767868613848350e+03,3.559999465942382812e+01
1.040404304427477200e+03,3.799999237060546875e+01
1.041040851307668618e+03,3.979999160766601562e+01
1.041677509254422830e+03,4.019998550415039062e+01
1.042314278267740065e+03,4.039998245239257812e+01
1.042951158347619639e+03,3.639999389648437500e+01
1.043588149494062236e+03,3.339999771118164062e+01
1.044225251707067400e+03,3.379999542236328125e+01
1.044862464986635359e+03,3.440000152587890625e+01
1.045499789332765886e+03,3.479999542236328125e+01
1.046137224745459434e+03,3.500000000000000000e+01
1.046774771224715550e+03,3.439999771118164062e+01
1.047412428770534461e+03,3.299999618530273438e+01
1.048050197382915940e+03,3.339999771118164062e+01
1.048688077061860440e+03,3.079999160766601562e+01
1.049326067807367508e+03,2.739999198913574219e+01
1.049964169619437143e+03,3.199999046325683594e+01
1.050602382498069801e+03,3.899999618530273438e+01
1.051240706443265026e+03,4.180000305175781250e+01
1.051879141455022818e+03,3.659999847412109375e+01
1.052517687533343633e+03,3.400000381469726562e+01
1.053156344678227015e+03,3.380000305175781250e+01
1.053795112889673192e+03,3.640000534057617188e+01
1.054433992167681936e+03,4.280000305175781250e+01
1.055072982512253475e+03,3.920000457763671875e+01
1.055712083923388036e+03,3.640000152587890625e+01
1.056351296401085165e+03,4.039999771118164062e+01
1.056990619945344861e+03,4.159999847412109375e+01
1.057630054556167579e+03,4.500000000000000000e+01
1.058269600233552637e+03,4.399999618530273438e+01
1.058909256977500718e+03,4.439999389648437500e+01
1.059549024788011138e+03,4.580000305175781250e+01
1.060188903665084581e+03,4.160000228881835938e+01
1.060828893608721046e+03,4.519999313354492188e+01
1.061468994618919851e+03,5.219998550415039062e+01
1.062109206695681451e+03,5.039998626708984375e+01
1.062749529839005845e+03,5.279998779296875000e+01
1.063389964048892807e+03,5.840000152587890625e+01
1.064030509325342791e+03,5.980001449584960938e+01
1.064671165668355115e+03,4.800000762939453125e+01
1.065311933077930462e+03,4.860000228881835938e+01
1.065952811554068376e+03,4.220000839233398438e+01
1.066593801096769312e+03,4.220000457763671875e+01
1.067234901706032815e+03,4.280000686645507812e+01
1.067876113381858886e+03,4.760002517700195312e+01
1.068517436124247524e+03,5.259999465942382812e+01
1.069158869933199185e+03,5.019999313354492188e+01
1.069800414808713867e+03,4.799999618530273438e+01
1.070442070750790890e+03,4.400000762939453125e+01
1.071083837759430708e+03,4.320000839233398438e+01
1.071725715834633093e+03,4.340000915527343750e+01
1.072367704976398272e+03,4.740000152587890625e+01
1.073009805184726474e+03,5.239999389648437500e+01
1.073652016459617244e+03,5.740000152587890625e+01
1.074294338801070808e+03,5.580000305175781250e+01
1.074936772209086939e+03,5.340000152587890625e+01
1.075579316683665866e+03,5.520000457763671875e+01
1.076221972224807587e+03,5.420001602172851562e+01
1.076864738832511648e+03,4.760001754760742188e+01
1.077507616506778959e+03,4.200000000000000000e+01
1.078150605247608837e+03,3.920000076293945312e+01
1.078793705055001283e+03,3.779999923706054688e+01
1.079436915928956751e+03,3.000000381469726562e+01
1.080080237869474786e+03,2.400000381469726562e+01
1.080723670876555389e+03,2.339999961853027344e+01
1.081367214950199013e+03,2.540000152587890625e+01
1.082010870090405206e+03,2.159999847412109375e+01
1.082654636297173965e+03,2.259999465942382812e+01
1.083298513570505747e+03,2.079999351501464844e+01
1.083942501910400097e+03,2.319999504089355469e+01
1.084586601316857468e+03,2.719999694824218750e+01
1.085230811789877180e+03,2.559999656677246094e+01
1.085875133329459459e+03,3.400000381469726562e+01
1.086519565935604987e+03,3.340000534057617188e+01
1.087164109608313083e+03,3.820000839233398438e+01
1.087808764347583747e+03,4.359999465942382812e+01
1.088453530153417432e+03,4.280001831054687500e+01
1.089098407025813685e+03,4.500001907348632812e+01
1.089743394964772506e+03,4.760000991821289062e+01
1.090388493970294121e+03,4.720000457763671875e+01
1.091033704042378531e+03,4.240000915527343750e+01
1.091679025181025736e+03,3.860000610351562500e+01
1.092324457386235736e+03,3.700000762939453125e+01
1.092970000658008303e+03,3.840000152587890625e+01
1.093615654996343437e+03,3.819999694824218750e+01
1.094261420401241594e+03,3.600000000000000000e+01
1.094907296872702318e+03,3.239999771118164062e+01
1.095553284410725837e+03,2.760000038146972656e+01
1.096199383015311923e+03,2.600000190734863281e+01
1.096845592686461032e+03,2.520000267028808594e+01
1.097491913424172708e+03,2.519999885559082031e+01
1.098138345228447179e+03,1.979999923706054688e+01
1.098784888099284217e+03,1.639999961853027344e+01
1.099431542036684277e+03,1.579999732971191406e+01
1.100078307040646905e+03,1.439999485015869141e+01
1.100725183111172100e+03,1.820000457763671875e+01
1.101372170248260318e+03,1.840000152587890625e+01
1.102019268451911103e+03,2.320000076293945312e+01
1.102666477722124455e+03,2.519999313354492188e+01
1.103313798058900829e+03,2.699999809265136719e+01
1.103961229462239771e+03,2.700000000000000000e+01
1.104608771932141281e+03,2.880000114440917969e+01
1.105256425468605812e+03,3.860000228881835938e+01
1.105904190071633138e+03,5.720000839233398438e+01
1.106552065741223032e+03,6.820003509521484375e+01
1.107200052477375493e+03,5.680001449584960938e+01
1.107848150280090977e+03,4.539999771118164062e+01
1.108496359149369027e+03,3.720001220703125000e+01
1.109144679085209873e+03,3.080000305175781250e+01
1.109793110087613513e+03,2.580000686645507812e+01
1.110441652156579721e+03,2.159999847412109375e+01
1.111090305292108724e+03,2.139999580383300781e+01
1.111739069494200521e+03,2.039999961853027344e+01
1.112387944762854659e+03,1.779999732971191406e+01
1.113036931098071818e+03,1.939999771118164062e+01
1.113686028499852000e+03,2.139999771118164062e+01
1.114335236968194522e+03,2.799999809265136719e+01
1.114984556503100066e+03,3.079999542236328125e+01
1.115633987104567950e+03,3.300000000000000000e+01
1.116283528772598856e+03,3.460000228881835938e+01
1.116933181507192330e+03,3.920001602172851562e+01
1.117582945308348599e+03,4.000001907348632812e+01
1.118232820176067662e+03,4.100001907348632812e+01
1.118882806110349520e+03,4.360001754760742188e+01
1.119532903111193946e+03,3.820000457763671875e+01
1.120183111178601166e+03,4.100000000000000000e+01
1.120833430312571181e+03,4.319999694824218750e+01
1.121483860513103537e+03,4.720000076293945312e+01
1.122134401780198914e+03,4.880001068115234375e+01
1.122785054113857313e+03,4.339999771118164062e+01
1.123435817514078053e+03,4.419999694824218750e+01
1.124086691980861588e+03,3.779998779296875000e+01
1.124737677514207917e+03,3.340000152587890625e+01
1.125388774114116814e+03,2.920000457763671875e+01
1.126039981780588732e+03,2.920000267028808594e+01
1.126691300513622991e+03,4.299998855590820312e+01
1.127342730313220272e+03,4.880000305175781250e+01
1.127994271179380348e+03,4.720000457763671875e+01
1.128645923112102992e+03,4.600000381469726562e+01
1.129297686111388430e+03,3.739999008178710938e+01
1.129949560177236435e+03,3.439999389648437500e+01
1.130601545309647236e+03,3.159999275207519531e+01
1.131253641508621058e+03,3.920000839233398438e+01
1.131905848774157221e+03,4.120001220703125000e+01
1.132558167106256406e+03,4.320001220703125000e+01
1.133210596504918158e+03,3.840002059936523438e+01
1.133863136970142477e+03,3.860001373291015625e+01
1.134515788501929819e+03,2.619999504089355469e+01
1.135168551100279728e+03,2.859999847412109375e+01
1.135821424765192205e+03,2.899999427795410156e+01
1.136474409496667704e+03,2.839999198913574219e+01
1.137127505294705998e+03,2.919999504089355469e+01
1.137780712159306859e+03,3.240000152587890625e+01
1.138434030090470515e+03,3.319999694824218750e+01
1.139087459088196738e+03,3.279999160766601562e+01
1.139740999152485756e+03,3.559999084472656250e+01
1.140394650283337569e+03,3.100000190734863281e+01
1.141048412480752177e+03,3.679999542236328125e+01
1.141702285744729352e+03,4.020000076293945312e+01
1.142356270075269322e+03,3.099999046325683594e+01
1.143010365472371859e+03,3.219999694824218750e+01
1.143664571936037191e+03,3.299999237060546875e+01
1.144318889466265546e+03,3.239999389648437500e+01
1.144973318063056468e+03,3.299999237060546875e+01
1.145627857726410184e+03,3.639999389648437500e+01
1.146282508456326468e+03,4.199998855590820312e+01
1.146937270252805547e+03,3.839999771118164062e+01
1.147592143115847421e+03,3.820000076293945312e+01
1.148247127045451634e+03,4.239999771118164062e+01
1.148902222041619098e+03,4.159999847412109375e+01
1.149557428104349128e+03,3.720000457763671875e+01
1.150212745233641726e+03,3.540000534057617188e+01
1.150868173429497347e+03,3.600000762939453125e+01
1.151523712691915534e+03,3.140000152587890625e+01
1.152179363020896290e+03,2.460000228881835938e+01
1.152835124416439839e+03,2.219999885559082031e+01
1.153490996878546184e+03,2.240000152587890625e+01
1.154146980407215324e+03,2.579999923706054688e+01
1.154803075002447258e+03,2.339999389648437500e+01
1.155459280664241760e+03,2.759999656677246094e+01
1.156115597392599057e+03,2.699999237060546875e+01
1.156772025187518921e+03,2.759999084472656250e+01
1.157428564049001579e+03,3.059998893737792969e+01
1.158085213977047260e+03,3.559999847412109375e+01
1.158741974971655281e+03,3.719999313354492188e+01
1.159398847032826325e+03,3.579999923706054688e+01
1.160055830160559935e+03,3.600000381469726562e+01
1.160712924354856341e+03,3.299999618530273438e+01
1.161370129615715314e+03,2.739999961853027344e+01
1.162027445943137081e+03,2.779999351501464844e+01
1.162684873337121644e+03,3.059998893737792969e+01
1.163342411797669001e+03,2.420000076293945312e+01
1.164000061324778926e+03,2.400000000000000000e+01
1.164657821918451873e+03,2.319999885559082031e+01
1.165315693578687387e+03,2.199999427795410156e+01
1.165973676305485697e+03,2.339999389648437500e+01
1.166631770098846346e+03,1.999999237060546875e+01
1.167289974958770017e+03,1.939999198913574219e+01
1.167948290885256483e+03,1.899999237060546875e+01
1.168606717878305517e+03,2.179999160766601562e+01
1.169265255937917573e+03,2.319998931884765625e+01
1.169923905064091969e+03,2.179999351501464844e+01
1.170582665256829159e+03,2.219999694824218750e+01
1.171241536516129145e+03,2.219999504089355469e+01
1.171900518841991925e+03,2.139999580383300781e+01
1.172559612234417500e+03,2.399999237060546875e+01
1.173218816693405643e+03,2.399998855590820312e+01
1.173878132218956580e+03,2.379998970031738281e+01
1.174537558811070539e+03,2.519999122619628906e+01
1.175197096469746612e+03,2.459999084472656250e+01
1.175856745194985706e+03,2.099999237060546875e+01
1.176516504986787822e+03,2.139999580383300781e+01
1.177176375845152279e+03,2.519999885559082031e+01
1.177836357770079758e+03,2.419999694824218750e+01
1.178496450761569577e+03,2.619999504089355469e+01
1.179156654819622418e+03,3.899999618530273438e+01
1.179816969944237826e+03,4.160000991821289062e+01
1.180477396135416257e+03,3.960000991821289062e+01
1.181137933393157255e+03,3.600000762939453125e+01
1.181798581717460820e+03,3.319999694824218750e+01
1.182459341108327408e+03,2.999999237060546875e+01
1.183120211565756563e+03,2.619998931884765625e+01
1.183781193089748285e+03,2.179999351501464844e+01
1.184442285680302803e+03,1.439999580383300781e+01
1.185103489337420115e+03,1.499999523162841797e+01
1.185764804061100222e+03,1.299999809265136719e+01
1.186426229851343123e+03,1.180000209808349609e+01
1.187087766708148592e+03,1.520000171661376953e+01
1.187749414631516856e+03,1.900000381469726562e+01
1.188411173621447688e+03,1.539999961853027344e+01
1.189073043677941314e+03,9.400000572204589844e+00
1.189735024800997962e+03,1.639999389648437500e+01
1.190397116990616951e+03,2.340000343322753906e+01
1.191059320246798961e+03,2.099999809265136719e+01
1.191721634569543539e+03,1.299999523162841797e+01
1.192384059958850912e+03,1.319999504089355469e+01
1.193046596414721080e+03,1.099999523162841797e+01
1.193709243937153587e+03,1.039999771118164062e+01
1.194372002526149117e+03,1.039999771118164062e+01
1.195034872181707669e+03,1.239999485015869141e+01
1.195697852903828561e+03,1.519999694824218750e+01
1.196360944692512248e+03,1.319999504089355469e+01
1.197024147547758730e+03,1.399999427795410156e+01
1.197687461469567779e+03,1.279999446868896484e+01
1.198350886457939623e+03,1.259999561309814453e+01
1.199014422512874262e+03,1.139999866485595703e+01
1.199678069634371695e+03,1.319999885559082031e+01
1.200341827822431696e+03,1.319999599456787109e+01
1.201005697077054720e+03,1.299999618530273438e+01
1.201669677398240310e+03,1.239999771118164062e+01
1.202333768785988468e+03,1.319999790191650391e+01
1.202997971240299421e+03,1.339999675750732422e+01
1.203662284761173169e+03,1.479999732971191406e+01
1.204326709348609711e+03,1.680000114440917969e+01
1.204991245002608821e+03,1.539999771118164062e+01
1.205655891723170726e+03,8.399999618530273438e+00
1.206320649510295425e+03,1.019999694824218750e+01
1.206985518363982692e+03,1.299999523162841797e+01
1.207650498284232754e+03,1.419999694824218750e+01
1.208315589271045610e+03,1.479999828338623047e+01
1.208980791324421261e+03,1.519999694824218750e+01
1.209646104444359480e+03,1.559999752044677734e+01
1.210311528630860721e+03,1.539999771118164062e+01
1.210977063883924302e+03,1.480000019073486328e+01
1.211642710203550678e+03,1.739999961853027344e+01
1.212308467589739848e+03,1.659999656677246094e+01
1.212974336042491814e+03,1.879999732971191406e+01
1.213640315561806574e+03,1.099999713897705078e+01
1.214306406147683902e+03,9.199996948242187500e+00
1.214972607800124024e+03,7.999998569488525391e+00
1.215638920519126714e+03,1.019999790191650391e+01
1.216305344304692426e+03,1.339999771118164062e+01
1.216971879156820705e+03,1.139999961853027344e+01
1.217638525075511780e+03,1.219999694824218750e+01
1.218305282060765421e+03,1.339999866485595703e+01
1.218972150112582085e+03,1.259999752044677734e+01
1.219639129230961316e+03,1.339999771118164062e+01
1.220306219415903342e+03,1.459999656677246094e+01
1.220973420667407936e+03,1.279999828338623047e+01
1.221640732985475097e+03,1.719999694824218750e+01
1.222308156370105280e+03,1.759999656677246094e+01
1.222975690821298258e+03,1.780000114440917969e+01
1.223643336339053803e+03,1.760000038146972656e+01
1.224311092923372144e+03,2.280000495910644531e+01
1.224978960574253051e+03,2.720001029968261719e+01
1.225646939291696981e+03,2.400000572204589844e+01
1.226315029075703478e+03,2.640000724792480469e+01
1.226983229926272543e+03,2.540000152587890625e+01
1.227651541843404630e+03,2.580000495910644531e+01
1.228319964827099284e+03,3.300001907348632812e+01
1.228988498877356960e+03,3.620000839233398438e+01
1.229657143994176977e+03,3.100000762939453125e+01
1.230325900177559561e+03,2.480000305175781250e+01
1.230994767427505394e+03,2.379999542236328125e+01
1.231663745744013795e+03,2.360000228881835938e+01
1.232332835127084763e+03,1.779999732971191406e+01
1.233002035576718754e+03,2.280000114440917969e+01
1.233671347092915312e+03,1.919999885559082031e+01
1.234340769675674210e+03,1.359999656677246094e+01
1.235010303324996130e+03,9.799998283386230469e+00
1.235679948040880845e+03,5.599999904632568359e+00
1.236349703823328582e+03,5.000000000000000000e+00
1.237019570672338659e+03,6.800001144409179688e+00
1.237689548587911531e+03,7.799999713897705078e+00
1.238359637570047198e+03,8.399999618530273438e+00
1.239029837618745660e+03,6.400000095367431641e+00
1.239700148734006461e+03,4.399999618530273438e+00
1.240370570915830285e+03,3.400000095367431641e+00
1.241041104164216904e+03,6.199999332427978516e+00
1.241711748479166090e+03,7.200000286102294922e+00
1.242382503860678298e+03,8.199999809265136719e+00
1.243053370308752847e+03,7.599998950958251953e+00
1.243724347823390190e+03,1.079999637603759766e+01
1.244395436404590328e+03,1.459999275207519531e+01
1.245066636052353260e+03,1.759999275207519531e+01
1.245737946766678988e+03,1.439999294281005859e+01
1.246409368547567283e+03,1.239999580383300781e+01
1.247080901395018373e+03,1.099999618530273438e+01
1.247752545309032485e+03,1.179999542236328125e+01
1.248424300289608709e+03,9.199997901916503906e+00
1.249096166336747956e+03,1.019999694824218750e+01
1.249768143450449998e+03,1.059999752044677734e+01
1.250440231630714834e+03,8.199998855590820312e+00
1.251112430877542238e+03,6.600000381469726562e+00
1.251784741190932436e+03,8.599998474121093750e+00
1.252457162570885430e+03,9.399997711181640625e+00
1.253129695017400991e+03,6.399999141693115234e+00
1.253802338530479346e+03,4.000000476837158203e+00
1.254475093110120497e+03,6.399999141693115234e+00
1.255147958756324442e+03,5.599999904632568359e+00
1.255820935469090955e+03,2.800000190734863281e+00
1.256494023248420262e+03,4.199999809265136719e+00
1.257167222094312365e+03,4.200000286102294922e+00
1.257840532006766807e+03,5.200000286102294922e+00
1.258513952985784272e+03,5.199999809265136719e+00
1.259187485031364758e+03,4.399999618530273438e+00
1.259861128143507585e+03,3.799999952316284180e+00
1.260534882322213207e+03,5.600000381469726562e+00
1.261208747567481623e+03,5.600000858306884766e+00
1.261882723879312607e+03,5.000000476837158203e+00
1.262556811257706613e+03,5.200000286102294922e+00
1.263231009702662959e+03,5.200000286102294922e+00
1.263905319214182327e+03,4.599999904632568359e+00
1.264579739792264490e+03,1.999999880790710449e+00
1.265254271436909221e+03,1.600000023841857910e+00
1.265928914148116746e+03,2.399999856948852539e+00
1.266603667925887066e+03,4.000000000000000000e+00
1.267278532770219954e+03,3.599999904632568359e+00
1.267953508681115636e+03,2.599999904632568359e+00
1.268628595658573886e+03,9.999999403953552246e-01
1.269303793702595158e+03,4.000000000000000000e+00
1.269979102813178997e+03,6.000000000000000000e+00
1.270654522990325631e+03,7.199998855590820312e+00
1.271330054234034833e+03,9.799999237060546875e+00
1.272005696544306829e+03,1.199999904632568359e+01
1.272681449921141621e+03,1.440000152587890625e+01
1.273357314364539207e+03,1.520000076293945312e+01
1.274033289874499587e+03,1.019999694824218750e+01
1.274709376451022308e+03,7.599999904632568359e+00
1.275385574094108051e+03,8.399999618530273438e+00
1.276061882803756589e+03,8.399999618530273438e+00
1.276738302579967694e+03,8.799998283386230469e+00
1.277414833422741594e+03,7.399999141693115234e+00
1.278091475332078062e+03,4.599999904632568359e+00
1.278768228307977552e+03,5.000000476837158203e+00
1.279445092350439609e+03,8.400000572204589844e+00
1.280122067459464233e+03,9.000000000000000000e+00
1.280799153635051880e+03,8.800000190734863281e+00
1.281476350877202094e+03,8.600000381469726562e+00
1.282153659185915103e+03,1.099999904632568359e+01
1.282831078561190679e+03,1.379999828338623047e+01
1.283508609003029278e+03,1.259999656677246094e+01
1.284186250511430444e+03,6.199998855590820312e+00
1.284864003086394405e+03,1.060000038146972656e+01
1.285541866727920933e+03,9.600000381469726562e+00
1.286219841436010029e+03,4.199999809265136719e+00
1.286897927210662147e+03,5.799999713897705078e+00
1.287576124051877059e+03,8.199999809265136719e+00
1.288254431959654539e+03,1.039999771118164062e+01
1.288932850933994814e+03,6.199999332427978516e+00
1.289611380974897884e+03,5.999999523162841797e+00
1.290290022082363521e+03,8.399999618530273438e+00
1.290968774256391953e+03,1.219999694824218750e+01
1.291647637496983180e+03,4.800000667572021484e+00
1.292326611804137201e+03,3.800000190734863281e+00
1.293005697177853790e+03,4.800000190734863281e+00
1.293684893618133174e+03,5.599999427795410156e+00
1.294364201124975352e+03,3.400000095367431641e+00
1.295043619698379871e+03,4.400000095367431641e+00
1.295723149338347412e+03,3.599999904632568359e+00
1.296402790044877747e+03,3.400000095367431641e+00
1.297082541817970878e+03,4.200000286102294922e+00
1.297762404657626575e+03,1.140000152587890625e+01
1.298442378563845068e+03,9.000000953674316406e+00
1.299122463536626128e+03,6.800000190734863281e+00
1.299802659575969983e+03,5.000000000000000000e+00
1.300482966681876860e+03,5.400000095367431641e+00
1.301163384854346077e+03,8.200000762939453125e+00
1.301843914093378316e+03,4.199999809265136719e+00
1.302524554398973123e+03,3.599999904632568359e+00
1.303205305771130725e+03,4.399999618530273438e+00
1.303886168209851121e+03,4.999999523162841797e+00
1.304567141715133857e+03,8.399999618530273438e+00
1.305248226286979616e+03,7.200000286102294922e+00
1.305929421925388169e+03,5.400000095367431641e+00
1.306610728630359517e+03,2.400000095367431641e+00
1.307292146401893433e+03,2.200000047683715820e+00
1.307973675239990143e+03,3.600000143051147461e+00
1.308655315144649194e+03,2.599999904632568359e+00
1.309337066115871494e+03,2.599999904632568359e+00
1.310018928153656361e+03,1.799999952316284180e+00
1.310700901258004023e+03,2.199999809265136719e+00
1.311382985428914253e+03,4.400000095367431641e+00
1.312065180666387278e+03,3.800000429153442383e+00
1.312747486970423097e+03,4.799999237060546875e+00
1.313429904341021711e+03,6.199999332427978516e+00
1.314112432778182665e+03,4.200000286102294922e+00
1.314795072281906641e+03,8.199999809265136719e+00
1.315477822852193412e+03,7.199999809265136719e+00
1.316160684489042751e+03,8.599999427795410156e+00
1.316843657192454884e+03,1.019999790191650391e+01
1.317526740962429812e+03,1.079999923706054688e+01
1.318209935798967308e+03,5.800000190734863281e+00
1.318893241702067598e+03,3.599999904632568359e+00
1.319576658671730684e+03,3.800000190734863281e+00
1.320260186707956564e+03,3.200000286102294922e+00
1.320943825810745011e+03,2.399999856948852539e+00
1.321627575980096253e+03,3.400000095367431641e+00
1.322311437216010290e+03,1.799999833106994629e+00
1.322995409518487122e+03,4.400000095367431641e+00
1.323679492887526294e+03,5.199999332427978516e+00
1.324363687323128488e+03,7.400000095367431641e+00
1.325047992825293477e+03,7.199999809265136719e+00
1.325732409394021033e+03,8.000000953674316406e+00
1.326416937029311384e+03,8.599999427795410156e+00
1.327101575731164530e+03,9.599998474121093750e+00
1.327786325499580016e+03,7.199998855590820312e+00
1.328471186334558524e+03,8.199999809265136719e+00
1.329156158236099827e+03,7.800000667572021484e+00
1.329841241204203925e+03,5.800000190734863281e+00
1.330526435238870590e+03,6.600000381469726562e+00
1.331211740340100050e+03,6.800000667572021484e+00
1.331897156507892305e+03,3.000000000000000000e+00
1.332582683742247127e+03,1.599999904632568359e+00
1.333268322043164744e+03,7.999999523162841797e-01
1.333954071410645156e+03,1.199999928474426270e+00
1.334639931844688135e+03,1.399999856948852539e+00
1.335325903345293909e+03,1.199999928474426270e+00
1.336011985912462478e+03,1.399999976158142090e+00
1.336698179546193614e+03,1.000000000000000000e+00
1.337384484246487773e+03,1.199999928474426270e+00
1.338070900013344499e+03,1.399999856948852539e+00
1.338757426846764020e+03,0.000000000000000000e+00
1.339444064746746108e+03,1.120000171661376953e+01
1.340130813713290991e+03,1.100000000000000000e+01
1.340817673746398668e+03,6.600000381469726562e+00
1.341504644846069141e+03,6.599999904632568359e+00
1.342191727012301953e+03,7.800000667572021484e+00
1.342878920245097788e+03,3.599999904632568359e+00
1.343566224544456418e+03,1.200000047683715820e+00
1.344253639910377842e+03,3.000000000000000000e+00
1.344941166342861834e+03,4.400000095367431641e+00
1.345628803841908621e+03,1.159999847412109375e+01
1.346316552407517975e+03,1.259999561309814453e+01
1.347004412039690123e+03,1.239999771118164062e+01
1.347692382738425067e+03,1.180000019073486328e+01
1.348380464503722806e+03,1.139999866485595703e+01
1.349068657335583111e+03,7.800000190734863281e+00
1.349756961234006212e+03,8.400000572204589844e+00
1.350445376198992108e+03,1.299999713897705078e+01
1.351133902230540798e+03,1.179999637603759766e+01
1.351822539328651828e+03,1.199999809265136719e+01
1.352511287493325881e+03,1.399999904632568359e+01
1.353200146724562728e+03,1.160000133514404297e+01
1.353889117022362143e+03,9.600000381469726562e+00
1.354578198386724353e+03,4.799999713897705078e+00
1.355267390817649357e+03,3.800000190734863281e+00
1.355956694315136929e+03,4.000000000000000000e+00
1.356646108879187295e+03,3.800000190734863281e+00
1.357335634509800457e+03,4.199999809265136719e+00
1.358025271206976413e+03,5.199999809265136719e+00
1.358715018970714937e+03,5.800000190734863281e+00
1.359404877801016255e+03,7.800000190734863281e+00
1.360094847697880368e+03,1.199999713897705078e+01
1.360784928661307049e+03,1.219999790191650391e+01
1.361475120691296524e+03,1.419999694824218750e+01
1.362165423787848795e+03,1.379999732971191406e+01
1.362855837950963632e+03,1.559999752044677734e+01
1.363546363180641492e+03,1.740000152587890625e+01
1.364236999476881920e+03,1.939999961853027344e+01
1.364927746839684914e+03,1.859999465942382812e+01
1.365618605269050704e+03,1.639999389648437500e+01
1.366309574764979288e+03,1.399999523162841797e+01
1.367000655327470668e+03,9.599999427795410156e+00
1.367691846956524842e+03,7.999999046325683594e+00
1.368383149652141583e+03,6.400000572204589844e+00
1.369074563414321119e+03,6.200000286102294922e+00
1.369766088243063450e+03,9.800000190734863281e+00
1.370457724138368121e+03,1.679999542236328125e+01
1.371149471100235814e+03,2.119999694824218750e+01
1.371841329128666302e+03,1.299999904632568359e+01
1.372533298223659585e+03,1.519999599456787109e+01
1.373225378385215436e+03,1.399999904632568359e+01
1.373917569613334081e+03,1.919999694824218750e+01
1.374609871908015293e+03,1.939999771118164062e+01
1.375302285269259301e+03,1.219999885559082031e+01
1.375994809697066103e+03,4.199999809265136719e+00
1.376687445191435700e+03,5.600000381469726562e+00
1.377380191752368091e+03,6.599999904632568359e+00
1.378073049379863050e+03,7.599999427795410156e+00
1.378766018073920804e+03,5.199999332427978516e+00
1.379459097834541126e+03,3.599999666213989258e+00
1.380152288661724242e+03,5.199999809265136719e+00
1.380845590555470153e+03,8.199999809265136719e+00
1.381539003515778859e+03,8.199999809265136719e+00
1.382232527542650132e+03,8.399998664855957031e+00
1.382926162636084200e+03,6.800000190734863281e+00
1.383619908796081063e+03,7.599999427795410156e+00
1.384313766022640493e+03,7.000000000000000000e+00
